access_event_id,access_case_number,site_code,event_time,activity,requesting_organization_name,requesting_registration_number,authorizing_agency,authorized_person_name,access_purpose,equipment_category,previous_status,new_status,confidentiality_class,outcome
ACE-000001,ACC-2018-0001,TMB-NAC,2018-01-15T09:00:00,request_submitted,Horizon Field Research Cooperative,REG-AVL-01013,Tembara Biodiversity Service,Bela Ferran,acoustic monitoring and equipment maintenance,portable monitoring and cold-storage equipment,draft,submitted,restricted,request logged
ACE-000002,ACC-2018-0001,TMB-NAC,2018-01-21T09:00:00,technical_review,Horizon Field Research Cooperative,REG-AVL-01013,Tembara Biodiversity Service,Kellan Orell,acoustic monitoring and equipment maintenance,portable monitoring and cold-storage equipment,submitted,technical_review,restricted,technical review completed
ACE-000003,ACC-2018-0001,TMB-NAC,2018-01-26T09:00:00,wildlife_review,Horizon Field Research Cooperative,REG-AVL-01013,Tembara Biodiversity Service,Jalen Quorin,acoustic monitoring and equipment maintenance,portable monitoring and cold-storage equipment,technical_review,wildlife_review,restricted,wildlife conditions recorded
ACE-000004,ACC-2018-0001,TMB-NAC,2018-01-30T09:00:00,security_review,Horizon Field Research Cooperative,REG-AVL-01013,Tembara Biodiversity Service,Jalen Zorin,acoustic monitoring and equipment maintenance,portable monitoring and cold-storage equipment,wildlife_review,security_review,restricted,site-security conditions recorded
ACE-000005,ACC-2018-0001,TMB-NAC,2018-02-05T09:00:00,authorization_granted,Horizon Field Research Cooperative,REG-AVL-01013,Tembara Biodiversity Service,Xara Lask,acoustic monitoring and equipment maintenance,portable monitoring and cold-storage equipment,security_review,authorized,restricted,authorization issued
ACE-000006,ACC-2018-0001,TMB-NAC,2018-02-15T18:00:00,access_started,Horizon Field Research Cooperative,REG-AVL-01013,Tembara Biodiversity Service,Liora Corda,acoustic monitoring and equipment maintenance,portable monitoring and cold-storage equipment,authorized,active,restricted,access commenced
ACE-000007,ACC-2018-0001,TMB-NAC,2018-02-16T03:00:00,access_completed,Horizon Field Research Cooperative,REG-AVL-01013,Tembara Biodiversity Service,Daria Zaven,acoustic monitoring and equipment maintenance,portable monitoring and cold-storage equipment,active,completed,restricted,field work completed
ACE-000008,ACC-2018-0001,TMB-NAC,2018-02-18T11:00:00,closure_recorded,Horizon Field Research Cooperative,REG-AVL-01013,Tembara Biodiversity Service,Calen Uren,acoustic monitoring and equipment maintenance,portable monitoring and cold-storage equipment,completed,closed,restricted,case closed
ACE-000009,ACC-2018-0002,KNT-KES,2018-02-19T09:00:00,request_submitted,Horizon Field Research Cooperative,REG-AVL-01013,Kintara Cave and Pollinator Authority,Farah Norel,night wildlife monitoring programme,portable monitoring and cold-storage equipment,draft,submitted,confidential,request logged
ACE-000010,ACC-2018-0002,KNT-KES,2018-02-25T09:00:00,technical_review,Horizon Field Research Cooperative,REG-AVL-01013,Kintara Cave and Pollinator Authority,Halen Wessen,night wildlife monitoring programme,portable monitoring and cold-storage equipment,submitted,technical_review,confidential,technical review completed
ACE-000011,ACC-2018-0002,KNT-KES,2018-03-02T09:00:00,wildlife_review,Horizon Field Research Cooperative,REG-AVL-01013,Kintara Cave and Pollinator Authority,Petra Grell,night wildlife monitoring programme,portable monitoring and cold-storage equipment,technical_review,wildlife_review,confidential,wildlife conditions recorded
ACE-000012,ACC-2018-0002,KNT-KES,2018-03-06T09:00:00,security_review,Horizon Field Research Cooperative,REG-AVL-01013,Kintara Cave and Pollinator Authority,Kira Elen,night wildlife monitoring programme,portable monitoring and cold-storage equipment,wildlife_review,security_review,confidential,site-security conditions recorded
ACE-000013,ACC-2018-0002,KNT-KES,2018-03-12T09:00:00,authorization_granted,Horizon Field Research Cooperative,REG-AVL-01013,Kintara Cave and Pollinator Authority,Liora Corda,night wildlife monitoring programme,portable monitoring and cold-storage equipment,security_review,authorized,confidential,authorization issued
ACE-000014,ACC-2018-0002,KNT-KES,2018-03-22T18:00:00,access_started,Horizon Field Research Cooperative,REG-AVL-01013,Kintara Cave and Pollinator Authority,Jora Vela,night wildlife monitoring programme,portable monitoring and cold-storage equipment,authorized,active,confidential,access commenced
ACE-000015,ACC-2018-0002,KNT-KES,2018-03-23T03:00:00,access_completed,Horizon Field Research Cooperative,REG-AVL-01013,Kintara Cave and Pollinator Authority,J. Varlan,night wildlife monitoring programme,portable monitoring and cold-storage equipment,active,completed,confidential,field work completed
ACE-000016,ACC-2018-0002,KNT-KES,2018-03-25T11:00:00,closure_recorded,Horizon Field Research Cooperative,REG-AVL-01013,Kintara Cave and Pollinator Authority,Doran Maren,night wildlife monitoring programme,portable monitoring and cold-storage equipment,completed,closed,confidential,case closed
ACE-000017,ACC-2018-0003,AVL-MAR,2018-04-23T09:00:00,request_submitted,Horizon Field Research Cooperative,REG-AVL-01013,Avelora Agricultural Resilience Agency,Amina Elen,habitat survey and sample documentation,protective field equipment,draft,submitted,restricted,request logged
ACE-000018,ACC-2018-0003,AVL-MAR,2018-04-29T09:00:00,technical_review,Horizon Field Research Cooperative,REG-AVL-01013,Avelora Agricultural Resilience Agency,Halen Wessen,habitat survey and sample documentation,protective field equipment,submitted,technical_review,restricted,technical review completed
ACE-000019,ACC-2018-0003,AVL-MAR,2018-05-04T09:00:00,wildlife_review,Horizon Field Research Cooperative,REG-AVL-01013,Avelora Agricultural Resilience Agency,Petra Grell,habitat survey and sample documentation,protective field equipment,technical_review,wildlife_review,restricted,wildlife conditions recorded
ACE-000020,ACC-2018-0003,AVL-MAR,2018-05-08T09:00:00,security_review,Horizon Field Research Cooperative,REG-AVL-01013,Avelora Agricultural Resilience Agency,Amina Elen,habitat survey and sample documentation,protective field equipment,wildlife_review,security_review,restricted,site-security conditions recorded
ACE-000021,ACC-2018-0003,AVL-MAR,2018-05-14T09:00:00,authorization_granted,Horizon Field Research Cooperative,REG-AVL-01013,Avelora Agricultural Resilience Agency,Liora Uren,habitat survey and sample documentation,protective field equipment,security_review,authorized,restricted,authorization issued
ACE-000022,ACC-2018-0003,AVL-MAR,2018-05-24T18:00:00,access_started,Horizon Field Research Cooperative,REG-AVL-01013,Avelora Agricultural Resilience Agency,Pavel Waren,habitat survey and sample documentation,protective field equipment,authorized,active,restricted,access commenced
ACE-000023,ACC-2018-0003,AVL-MAR,2018-05-25T03:00:00,access_completed,Horizon Field Research Cooperative,REG-AVL-01013,Avelora Agricultural Resilience Agency,Pavel Waren,habitat survey and sample documentation,protective field equipment,active,completed,restricted,field work completed
ACE-000024,ACC-2018-0003,AVL-MAR,2018-05-27T11:00:00,closure_recorded,Horizon Field Research Cooperative,REG-AVL-01013,Avelora Agricultural Resilience Agency,Jalen Quorin,habitat survey and sample documentation,protective field equipment,completed,closed,restricted,case closed
ACE-000025,ACC-2019-0004,TMB-PEL,2019-07-08T09:00:00,request_submitted,Horizon Field Research Cooperative,REG-AVL-01013,Tembara Biodiversity Service,Bela Ferran,acoustic monitoring and equipment maintenance,portable monitoring and cold-storage equipment,draft,submitted,confidential,request logged
ACE-000026,ACC-2019-0004,TMB-PEL,2019-07-14T09:00:00,technical_review,Horizon Field Research Cooperative,REG-AVL-01013,Tembara Biodiversity Service,Daria Zaven,acoustic monitoring and equipment maintenance,portable monitoring and cold-storage equipment,submitted,technical_review,confidential,technical review completed
ACE-000027,ACC-2019-0004,TMB-PEL,2019-07-19T09:00:00,wildlife_review,Horizon Field Research Cooperative,REG-AVL-01013,Tembara Biodiversity Service,Uma Wessen,acoustic monitoring and equipment maintenance,portable monitoring and cold-storage equipment,technical_review,wildlife_review,confidential,wildlife conditions recorded
ACE-000028,ACC-2019-0004,TMB-PEL,2019-07-29T09:00:00,authorization_granted,Horizon Field Research Cooperative,REG-AVL-01013,Tembara Biodiversity Service,Marek Kerin,acoustic monitoring and equipment maintenance,portable monitoring and cold-storage equipment,wildlife_review,authorized,confidential,authorization issued
ACE-000029,ACC-2019-0004,TMB-PEL,2019-08-08T18:00:00,access_started,Horizon Field Research Cooperative,REG-AVL-01013,Tembara Biodiversity Service,Doran Wessen,acoustic monitoring and equipment maintenance,portable monitoring and cold-storage equipment,authorized,active,confidential,access commenced
ACE-000030,ACC-2019-0004,TMB-PEL,2019-08-09T03:00:00,access_completed,Horizon Field Research Cooperative,REG-AVL-01013,Tembara Biodiversity Service,Jalen Havel,acoustic monitoring and equipment maintenance,portable monitoring and cold-storage equipment,active,completed,confidential,field work completed
ACE-000031,ACC-2019-0004,TMB-PEL,2019-08-11T11:00:00,closure_recorded,Horizon Field Research Cooperative,REG-AVL-01013,Tembara Biodiversity Service,Bela Ferran,acoustic monitoring and equipment maintenance,portable monitoring and cold-storage equipment,completed,closed,confidential,case closed
ACE-000032,ACC-2019-0005,KNT-LUM,2019-08-12T09:00:00,REQUEST_SUBMITTED,Horizon Field Research Cooperative,REG-AVL-01013,Kintara Cave and Pollinator Authority,Bela Waren,night wildlife monitoring programme,protective field equipment,draft,submitted,confidential,request logged
ACE-000033,ACC-2019-0005,KNT-LUM,2019-08-18T09:00:00,technical_review,Horizon Field Research Cooperative,REG-AVL-01013,Kintara Cave and Pollinator Authority,Bela Wessen,night wildlife monitoring programme,protective field equipment,submitted,technical_review,confidential,technical review completed
ACE-000034,ACC-2019-0005,KNT-LUM,2019-08-23T09:00:00,wildlife_review,Horizon Field Research Cooperative,REG-AVL-01013,Kintara Cave and Pollinator Authority,Xara Lask,night wildlife monitoring programme,protective field equipment,technical_review,wildlife_review,confidential,wildlife conditions recorded
ACE-000035,ACC-2019-0005,KNT-LUM,2019-09-02T09:00:00,authorization_granted,Horizon Field Research Cooperative,REG-AVL-01013,Kintara Cave and Pollinator Authority,Halen Wessen,night wildlife monitoring programme,protective field equipment,wildlife_review,authorized,confidential,authorization issued
ACE-000036,ACC-2019-0005,KNT-LUM,2019-09-12T18:00:00,access_started,Horizon Field Research Cooperative,REG-AVL-01013,Kintara Cave and Pollinator Authority,Ravin Palen,night wildlife monitoring programme,protective field equipment,authorized,active,confidential,access commenced
ACE-000037,ACC-2019-0005,KNT-LUM,2019-09-13T03:00:00,access_completed,Horizon Field Research Cooperative,REG-AVL-01013,Kintara Cave and Pollinator Authority,Liora Corda,night wildlife monitoring programme,protective field equipment,active,completed,confidential,field work completed
ACE-000038,ACC-2019-0005,KNT-LUM,2019-09-15T11:00:00,closure_recorded,Horizon Field Research Cooperative,REG-AVL-01013,Kintara Cave and Pollinator Authority,Liora Maren,night wildlife monitoring programme,protective field equipment,completed,closed,confidential,case closed
ACE-000039,ACC-2019-0006,AVL-VEL,2019-10-07T09:00:00,request_submitted,Horizon Field Research Cooperative,REG-AVL-01013,Avelora Agricultural Resilience Agency,Doran Maren,acoustic monitoring and equipment maintenance,portable monitoring and cold-storage equipment,draft,submitted,restricted,request logged
ACE-000040,ACC-2019-0006,AVL-VEL,2019-10-13T09:00:00,technical_review,Horizon Field Research Cooperative,REG-AVL-01013,Avelora Agricultural Resilience Agency,Julien Marot,acoustic monitoring and equipment maintenance,portable monitoring and cold-storage equipment,submitted,technical_review,restricted,technical review completed
ACE-000041,ACC-2019-0006,AVL-VEL,2019-10-18T09:00:00,wildlife_review,Horizon Field Research Cooperative,REG-AVL-01013,Avelora Agricultural Resilience Agency,Jonah Bell,acoustic monitoring and equipment maintenance,portable monitoring and cold-storage equipment,technical_review,wildlife_review,restricted,wildlife conditions recorded
ACE-000042,ACC-2019-0006,AVL-VEL,2019-10-22T09:00:00,security_review,Horizon Field Research Cooperative,REG-AVL-01013,Avelora Agricultural Resilience Agency,Liora Corda,acoustic monitoring and equipment maintenance,portable monitoring and cold-storage equipment,wildlife_review,security_review,restricted,site-security conditions recorded
ACE-000043,ACC-2019-0006,AVL-VEL,2019-10-28T09:00:00,authorization_granted,Horizon Field Research Cooperative,REG-AVL-01013,Avelora Agricultural Resilience Agency,Amina Elen,acoustic monitoring and equipment maintenance,portable monitoring and cold-storage equipment,security_review,authorized,restricted,authorization issued
ACE-000044,ACC-2019-0006,AVL-VEL,2019-11-07T18:00:00,access_started,Horizon Field Research Cooperative,REG-AVL-01013,Avelora Agricultural Resilience Agency,Jalen Elen,acoustic monitoring and equipment maintenance,portable monitoring and cold-storage equipment,authorized,active,restricted,access commenced
ACE-000045,ACC-2019-0006,AVL-VEL,2019-11-08T03:00:00,access_completed,Horizon Field Research Cooperative,REG-AVL-01013,Avelora Agricultural Resilience Agency,Julien Marot,acoustic monitoring and equipment maintenance,portable monitoring and cold-storage equipment,active,completed,restricted,field work completed
ACE-000046,ACC-2019-0006,AVL-VEL,2019-11-10T11:00:00,closure_recorded,Horizon Field Research Cooperative,REG-AVL-01013,Avelora Agricultural Resilience Agency,Jonah Bell,acoustic monitoring and equipment maintenance,portable monitoring and cold-storage equipment,completed,closed,restricted,case closed
ACE-000047,ACC-2020-0007,KNT-SEN,2020-03-09T09:00:00,request_submitted,Horizon Field Research Cooperative,REG-AVL-01013,Kintara Cave and Pollinator Authority,Calen Uren,habitat survey and sample documentation,protective field equipment,draft,submitted,restricted,request logged
ACE-000048,ACC-2020-0007,KNT-SEN,2020-03-15T09:00:00,technical_review,Horizon Field Research Cooperative,REG-AVL-01013,Kintara Cave and Pollinator Authority,Daria Maren,habitat survey and sample documentation,protective field equipment,submitted,technical_review,restricted,technical review completed
ACE-000049,ACC-2020-0007,KNT-SEN,2020-03-20T09:00:00,wildlife_review,Horizon Field Research Cooperative,REG-AVL-01013,Kintara Cave and Pollinator Authority,Bela Wessen,habitat survey and sample documentation,protective field equipment,technical_review,wildlife_review,restricted,wildlife conditions recorded
ACE-000050,ACC-2020-0007,KNT-SEN,2020-03-24T09:00:00,security_review,Horizon Field Research Cooperative,REG-AVL-01013,Kintara Cave and Pollinator Authority,Tomas Pell,habitat survey and sample documentation,protective field equipment,wildlife_review,security_review,restricted,site-security conditions recorded
ACE-000051,ACC-2020-0007,KNT-SEN,2020-03-30T09:00:00,authorization_granted,Horizon Field Research Cooperative,REG-AVL-01013,Kintara Cave and Pollinator Authority,Farah Ferran,habitat survey and sample documentation,protective field equipment,security_review,authorized,restricted,authorization issued
ACE-000052,ACC-2020-0007,KNT-SEN,2020-04-09T18:00:00,access_started,Horizon Field Research Cooperative,REG-AVL-01013,Kintara Cave and Pollinator Authority,Jalen Havel,habitat survey and sample documentation,protective field equipment,authorized,active,restricted,access commenced
ACE-000053,ACC-2020-0007,KNT-SEN,2020-04-10T03:00:00,access_completed,Horizon Field Research Cooperative,REG-AVL-01013,Kintara Cave and Pollinator Authority,Daria Maren,habitat survey and sample documentation,protective field equipment,active,completed,restricted,field work completed
ACE-000054,ACC-2020-0007,KNT-SEN,2020-04-12T11:00:00,closure_recorded,Horizon Field Research Cooperative,REG-AVL-01013,Kintara Cave and Pollinator Authority,Bela Waren,habitat survey and sample documentation,protective field equipment,completed,closed,restricted,case closed
ACE-000055,ACC-2020-0008,AVL-ORR,2020-05-11T09:00:00,request_submitted,Horizon Field Research Cooperative,REG-AVL-01013,Avelora Agricultural Resilience Agency,Mara Venn,acoustic monitoring and equipment maintenance,acoustic and camera equipment,draft,submitted,confidential,request logged
ACE-000056,ACC-2020-0008,AVL-ORR,2020-05-17T09:00:00,technical_review,Horizon Field Research Cooperative,REG-AVL-01013,Avelora Agricultural Resilience Agency,Xara Lask,acoustic monitoring and equipment maintenance,acoustic and camera equipment,submitted,technical_review,confidential,technical review completed
ACE-000057,ACC-2020-0008,AVL-ORR,2020-05-22T09:00:00,wildlife_review,Horizon Field Research Cooperative,REG-AVL-01013,Avelora Agricultural Resilience Agency,Marek Kerin,acoustic monitoring and equipment maintenance,acoustic and camera equipment,technical_review,wildlife_review,confidential,wildlife conditions recorded
ACE-000058,ACC-2020-0008,AVL-ORR,2020-05-26T09:00:00,security_review,Horizon Field Research Cooperative,REG-AVL-01013,Avelora Agricultural Resilience Agency,Marek Kerin,acoustic monitoring and equipment maintenance,acoustic and camera equipment,wildlife_review,security_review,confidential,site-security conditions recorded
ACE-000059,ACC-2020-0008,AVL-ORR,2020-06-01T09:00:00,authorization_granted,Horizon Field Research Cooperative,REG-AVL-01013,Avelora Agricultural Resilience Agency,Jalen Havel,acoustic monitoring and equipment maintenance,acoustic and camera equipment,security_review,authorized,confidential,authorization issued
ACE-000060,ACC-2020-0008,AVL-ORR,2020-06-11T18:00:00,access_started,Horizon Field Research Cooperative,REG-AVL-01013,Avelora Agricultural Resilience Agency,Bela Ferran,acoustic monitoring and equipment maintenance,acoustic and camera equipment,authorized,active,confidential,access commenced
ACE-000061,ACC-2020-0008,AVL-ORR,2020-06-12T03:00:00,access_completed,Horizon Field Research Cooperative,REG-AVL-01013,Avelora Agricultural Resilience Agency,Daria Garen,acoustic monitoring and equipment maintenance,acoustic and camera equipment,active,completed,confidential,field work completed
ACE-000062,ACC-2020-0008,AVL-ORR,2020-06-14T11:00:00,closure_recorded,Horizon Field Research Cooperative,REG-AVL-01013,Avelora Agricultural Resilience Agency,Jalen Havel,acoustic monitoring and equipment maintenance,acoustic and camera equipment,completed,closed,confidential,case closed
ACE-000063,ACC-2021-0009,KNT-KES,2021-02-22T09:00:00,request_submitted,Horizon Field Research Cooperative,REG-AVL-01013,Kintara Cave and Pollinator Authority,Ilia Perin,acoustic monitoring and equipment maintenance,protective field equipment,draft,submitted,standard,request logged
ACE-000064,ACC-2021-0009,KNT-KES,2021-02-28T09:00:00,technical_review,Horizon Field Research Cooperative,REG-AVL-01013,Kintara Cave and Pollinator Authority,Halen Wessen,acoustic monitoring and equipment maintenance,protective field equipment,submitted,technical_review,standard,technical review completed
ACE-000065,ACC-2021-0009,KNT-KES,2021-03-05T09:00:00,wildlife_review,Horizon Field Research Cooperative,REG-AVL-01013,Kintara Cave and Pollinator Authority,Selene Aras,acoustic monitoring and equipment maintenance,protective field equipment,technical_review,wildlife_review,standard,wildlife conditions recorded
ACE-000066,ACC-2021-0009,KNT-KES,2021-03-09T09:00:00,security_review,Horizon Field Research Cooperative,REG-AVL-01013,Kintara Cave and Pollinator Authority,Tomas Pell,acoustic monitoring and equipment maintenance,protective field equipment,wildlife_review,security_review,standard,site-security conditions recorded
ACE-000067,ACC-2021-0009,KNT-KES,2021-03-15T09:00:00,authorization_granted,Horizon Field Research Cooperative,REG-AVL-01013,Kintara Cave and Pollinator Authority,Daria Garen,acoustic monitoring and equipment maintenance,protective field equipment,security_review,authorized,standard,authorization issued
ACE-000068,ACC-2021-0009,KNT-KES,2021-03-25T18:00:00,access_started,Horizon Field Research Cooperative,REG-AVL-01013,Kintara Cave and Pollinator Authority,Farah Norel,acoustic monitoring and equipment maintenance,protective field equipment,authorized,active,standard,access commenced
ACE-000069,ACC-2021-0009,KNT-KES,2021-03-26T03:00:00,access_completed,Horizon Field Research Cooperative,REG-AVL-01013,Kintara Cave and Pollinator Authority,Calen Jaren,acoustic monitoring and equipment maintenance,protective field equipment,active,completed,standard,field work completed
ACE-000070,ACC-2021-0009,KNT-KES,2021-03-28T11:00:00,closure_recorded,Horizon Field Research Cooperative,REG-AVL-01013,Kintara Cave and Pollinator Authority,Orin Kerin,acoustic monitoring and equipment maintenance,protective field equipment,completed,closed,standard,case closed
ACE-000071,ACC-2021-0010,AVL-MAR,2021-04-19T09:00:00,REQUEST_SUBMITTED,Horizon Field Research Cooperative,REG-AVL-01013,Avelora Agricultural Resilience Agency,Kira Elen,acoustic monitoring and equipment maintenance,portable monitoring and cold-storage equipment,draft,submitted,restricted,request logged
ACE-000072,ACC-2021-0010,AVL-MAR,2021-04-25T09:00:00,technical_review,Horizon Field Research Cooperative,REG-AVL-01013,Avelora Agricultural Resilience Agency,Doran Maren,acoustic monitoring and equipment maintenance,portable monitoring and cold-storage equipment,submitted,technical_review,restricted,technical review completed
ACE-000073,ACC-2021-0010,AVL-MAR,2021-04-30T09:00:00,wildlife_review,Horizon Field Research Cooperative,REG-AVL-01013,Avelora Agricultural Resilience Agency,Liora Uren,acoustic monitoring and equipment maintenance,portable monitoring and cold-storage equipment,technical_review,wildlife_review,restricted,wildlife conditions recorded
ACE-000074,ACC-2021-0010,AVL-MAR,2021-05-06T09:00:00,authorization_denied,Horizon Field Research Cooperative,REG-AVL-01013,Avelora Agricultural Resilience Agency,Zalia Dalen,acoustic monitoring and equipment maintenance,portable monitoring and cold-storage equipment,wildlife_review,returned,restricted,additional conditions required
ACE-000075,ACC-2021-0010,AVL-MAR,2021-05-08T09:00:00,request_submitted,Horizon Field Research Cooperative,REG-AVL-01013,Avelora Agricultural Resilience Agency,Kira Elen,acoustic monitoring and equipment maintenance,portable monitoring and cold-storage equipment,returned,resubmitted,restricted,conditions updated
ACE-000076,ACC-2021-0010,AVL-MAR,2021-05-10T09:00:00,authorization_granted,Horizon Field Research Cooperative,REG-AVL-01013,Avelora Agricultural Resilience Agency,Jalen Quorin,acoustic monitoring and equipment maintenance,portable monitoring and cold-storage equipment,resubmitted,authorized,restricted,authorization issued
ACE-000077,ACC-2021-0010,AVL-MAR,2021-05-20T18:00:00,access_started,Horizon Field Research Cooperative,REG-AVL-01013,Avelora Agricultural Resilience Agency,Ilia Perin,acoustic monitoring and equipment maintenance,portable monitoring and cold-storage equipment,authorized,active,restricted,access commenced
ACE-000078,ACC-2021-0010,AVL-MAR,2021-05-21T03:00:00,access_completed,Horizon Field Research Cooperative,REG-AVL-01013,Avelora Agricultural Resilience Agency,Zalia Dalen,acoustic monitoring and equipment maintenance,portable monitoring and cold-storage equipment,active,completed,restricted,field work completed
ACE-000079,ACC-2021-0010,AVL-MAR,2021-05-23T11:00:00,closure_recorded,Horizon Field Research Cooperative,REG-AVL-01013,Avelora Agricultural Resilience Agency,Ilyan Rho,acoustic monitoring and equipment maintenance,portable monitoring and cold-storage equipment,completed,closed,restricted,case closed
ACE-000080,ACC-2022-0011,TMB-NAC,2022-01-17T09:00:00,request_submitted,Horizon Field Research Cooperative,REG-AVL-01013,Tembara Biodiversity Service,Halen Wessen,habitat survey and sample documentation,acoustic and camera equipment,draft,submitted,confidential,request logged
ACE-000081,ACC-2022-0011,TMB-NAC,2022-01-23T09:00:00,technical_review,Horizon Field Research Cooperative,REG-AVL-01013,Tembara Biodiversity Service,Doran Wessen,habitat survey and sample documentation,acoustic and camera equipment,submitted,technical_review,confidential,technical review completed
ACE-000082,ACC-2022-0011,TMB-NAC,2022-01-28T09:00:00,wildlife_review,Horizon Field Research Cooperative,REG-AVL-01013,Tembara Biodiversity Service,Farah Ferran,habitat survey and sample documentation,acoustic and camera equipment,technical_review,wildlife_review,confidential,wildlife conditions recorded
ACE-000083,ACC-2022-0011,TMB-NAC,2022-02-07T09:00:00,authorization_granted,Horizon Field Research Cooperative,REG-AVL-01013,Tembara Biodiversity Service,Anika Dren,habitat survey and sample documentation,acoustic and camera equipment,wildlife_review,authorized,confidential,authorization issued
ACE-000084,ACC-2022-0011,TMB-NAC,2022-02-17T18:00:00,access_started,Horizon Field Research Cooperative,REG-AVL-01013,Tembara Biodiversity Service,Uma Wessen,habitat survey and sample documentation,acoustic and camera equipment,authorized,active,confidential,access commenced
ACE-000085,ACC-2022-0011,TMB-NAC,2022-02-18T03:00:00,access_completed,Horizon Field Research Cooperative,REG-AVL-01013,Tembara Biodiversity Service,Petra Grell,habitat survey and sample documentation,acoustic and camera equipment,active,completed,confidential,field work completed
ACE-000086,ACC-2022-0011,TMB-NAC,2022-02-20T11:00:00,closure_recorded,Horizon Field Research Cooperative,REG-AVL-01013,Tembara Biodiversity Service,Xara Lask,habitat survey and sample documentation,acoustic and camera equipment,completed,closed,confidential,case closed
ACE-000087,ACC-2023-0012,KNT-LUM,2023-08-14T09:00:00,request_submitted,Horizon Field Research Cooperative,REG-AVL-01013,Kintara Cave and Pollinator Authority,Liora Maren,habitat survey and sample documentation,portable monitoring and cold-storage equipment,draft,submitted,standard,request logged
ACE-000088,ACC-2023-0012,KNT-LUM,2023-08-20T09:00:00,technical_review,Horizon Field Research Cooperative,REG-AVL-01013,Kintara Cave and Pollinator Authority,Kira Elen,habitat survey and sample documentation,portable monitoring and cold-storage equipment,submitted,technical_review,standard,technical review completed
ACE-000089,ACC-2023-0012,KNT-LUM,2023-08-25T09:00:00,wildlife_review,Horizon Field Research Cooperative,REG-AVL-01013,Kintara Cave and Pollinator Authority,Ilyan Rho,habitat survey and sample documentation,portable monitoring and cold-storage equipment,technical_review,wildlife_review,standard,wildlife conditions recorded
ACE-000090,ACC-2023-0012,KNT-LUM,2023-08-29T09:00:00,security_review,Horizon Field Research Cooperative,REG-AVL-01013,Kintara Cave and Pollinator Authority,Ilia Perin,habitat survey and sample documentation,portable monitoring and cold-storage equipment,wildlife_review,security_review,standard,site-security conditions recorded
ACE-000091,ACC-2023-0012,KNT-LUM,2023-09-04T09:00:00,authorization_granted,Horizon Field Research Cooperative,REG-AVL-01013,Kintara Cave and Pollinator Authority,Tomas Pell,habitat survey and sample documentation,portable monitoring and cold-storage equipment,security_review,authorized,standard,authorization issued
ACE-000092,ACC-2023-0012,KNT-LUM,2023-09-14T18:00:00,access_started,Horizon Field Research Cooperative,REG-AVL-01013,Kintara Cave and Pollinator Authority,J. Varlan,habitat survey and sample documentation,portable monitoring and cold-storage equipment,authorized,active,standard,access commenced
ACE-000093,ACC-2023-0012,KNT-LUM,2023-09-15T03:00:00,access_completed,Horizon Field Research Cooperative,REG-AVL-01013,Kintara Cave and Pollinator Authority,Jalen Quorin,habitat survey and sample documentation,portable monitoring and cold-storage equipment,active,completed,standard,field work completed
ACE-000094,ACC-2023-0012,KNT-LUM,2023-09-17T11:00:00,closure_recorded,Horizon Field Research Cooperative,REG-AVL-01013,Kintara Cave and Pollinator Authority,Doran Norel,habitat survey and sample documentation,portable monitoring and cold-storage equipment,completed,closed,standard,case closed
ACE-000095,ACC-2023-0013,AVL-VEL,2023-10-09T09:00:00,request_submitted,Horizon Field Research Cooperative,REG-AVL-01013,Avelora Agricultural Resilience Agency,Petra Koral,habitat survey and sample documentation,protective field equipment,draft,submitted,confidential,request logged
ACE-000096,ACC-2023-0013,AVL-VEL,2023-10-15T09:00:00,technical_review,Horizon Field Research Cooperative,REG-AVL-01013,Avelora Agricultural Resilience Agency,Bela Ferran,habitat survey and sample documentation,protective field equipment,submitted,technical_review,confidential,technical review completed
ACE-000097,ACC-2023-0013,AVL-VEL,2023-10-20T09:00:00,wildlife_review,Horizon Field Research Cooperative,REG-AVL-01013,Avelora Agricultural Resilience Agency,Liora Corda,habitat survey and sample documentation,protective field equipment,technical_review,wildlife_review,confidential,wildlife conditions recorded
ACE-000098,ACC-2023-0013,AVL-VEL,2023-10-24T09:00:00,security_review,Horizon Field Research Cooperative,REG-AVL-01013,Avelora Agricultural Resilience Agency,Farah Ferran,habitat survey and sample documentation,protective field equipment,wildlife_review,security_review,confidential,site-security conditions recorded
ACE-000099,ACC-2023-0013,AVL-VEL,2023-10-26T09:00:00,authorization_denied,Horizon Field Research Cooperative,REG-AVL-01013,Avelora Agricultural Resilience Agency,Vera Waren,habitat survey and sample documentation,protective field equipment,security_review,returned,confidential,additional conditions required
ACE-000100,ACC-2023-0013,AVL-VEL,2023-10-28T09:00:00,request_submitted,Horizon Field Research Cooperative,REG-AVL-01013,Avelora Agricultural Resilience Agency,Petra Koral,habitat survey and sample documentation,protective field equipment,returned,resubmitted,confidential,conditions updated
ACE-000101,ACC-2023-0013,AVL-VEL,2023-10-30T09:00:00,authorization_granted,Horizon Field Research Cooperative,REG-AVL-01013,Avelora Agricultural Resilience Agency,Xara Lask,habitat survey and sample documentation,protective field equipment,resubmitted,authorized,confidential,authorization issued
ACE-000102,ACC-2023-0013,AVL-VEL,2023-11-09T18:00:00,access_started,Horizon Field Research Cooperative,REG-AVL-01013,Avelora Agricultural Resilience Agency,Doran Wessen,habitat survey and sample documentation,protective field equipment,authorized,active,confidential,access commenced
ACE-000103,ACC-2023-0013,AVL-VEL,2023-11-10T03:00:00,access_completed,Horizon Field Research Cooperative,REG-AVL-01013,Avelora Agricultural Resilience Agency,Selene Aras,habitat survey and sample documentation,protective field equipment,active,completed,confidential,field work completed
ACE-000104,ACC-2023-0013,AVL-VEL,2023-11-12T11:00:00,closure_recorded,Horizon Field Research Cooperative,REG-AVL-01013,Avelora Agricultural Resilience Agency,Daria Zaven,habitat survey and sample documentation,protective field equipment,completed,closed,confidential,case closed
ACE-000105,ACC-2024-0014,KNT-KES,2024-02-19T09:00:00,request_submitted,Horizon Field Research Cooperative,REG-AVL-01013,Kintara Cave and Pollinator Authority,Jalen Zorin,night wildlife monitoring programme,acoustic and camera equipment,draft,submitted,restricted,request logged
ACE-000106,ACC-2024-0014,KNT-KES,2024-02-25T09:00:00,technical_review,Horizon Field Research Cooperative,REG-AVL-01013,Kintara Cave and Pollinator Authority,Bela Wessen,night wildlife monitoring programme,acoustic and camera equipment,submitted,technical_review,restricted,technical review completed
ACE-000107,ACC-2024-0014,KNT-KES,2024-03-01T09:00:00,wildlife_review,Horizon Field Research Cooperative,REG-AVL-01013,Kintara Cave and Pollinator Authority,Liora Corda,night wildlife monitoring programme,acoustic and camera equipment,technical_review,wildlife_review,restricted,wildlife conditions recorded
ACE-000108,ACC-2024-0014,KNT-KES,2024-03-11T09:00:00,authorization_granted,Horizon Field Research Cooperative,REG-AVL-01013,Kintara Cave and Pollinator Authority,Selene Aras,night wildlife monitoring programme,acoustic and camera equipment,wildlife_review,authorized,restricted,authorization issued
ACE-000109,ACC-2024-0014,KNT-KES,2024-03-21T18:00:00,access_started,Horizon Field Research Cooperative,REG-AVL-01013,Kintara Cave and Pollinator Authority,Liora Corda,night wildlife monitoring programme,acoustic and camera equipment,authorized,active,restricted,access commenced
ACE-000110,ACC-2024-0014,KNT-KES,2024-03-22T03:00:00,access_completed,Horizon Field Research Cooperative,REG-AVL-01013,Kintara Cave and Pollinator Authority,Daria Garen,night wildlife monitoring programme,acoustic and camera equipment,active,completed,restricted,field work completed
ACE-000111,ACC-2024-0014,KNT-KES,2024-03-24T11:00:00,closure_recorded,Horizon Field Research Cooperative,REG-AVL-01013,Kintara Cave and Pollinator Authority,Farah Norel,night wildlife monitoring programme,acoustic and camera equipment,completed,closed,restricted,case closed
ACE-000112,ACC-2024-0015,AVL-MAR,2024-04-29T09:00:00,request_submitted,Horizon Field Research Cooperative,REG-AVL-01013,Avelora Agricultural Resilience Agency,Sena Grell,acoustic monitoring and equipment maintenance,acoustic and camera equipment,draft,submitted,standard,request logged
ACE-000113,ACC-2024-0015,AVL-MAR,2024-05-05T09:00:00,technical_review,Horizon Field Research Cooperative,REG-AVL-01013,Avelora Agricultural Resilience Agency,Vera Waren,acoustic monitoring and equipment maintenance,acoustic and camera equipment,submitted,technical_review,standard,technical review completed
ACE-000114,ACC-2024-0015,AVL-MAR,2024-05-10T09:00:00,wildlife_review,Horizon Field Research Cooperative,REG-AVL-01013,Avelora Agricultural Resilience Agency,Elira Vaun,acoustic monitoring and equipment maintenance,acoustic and camera equipment,technical_review,wildlife_review,standard,wildlife conditions recorded
ACE-000115,ACC-2024-0015,AVL-MAR,2024-05-16T09:00:00,authorization_denied,Horizon Field Research Cooperative,REG-AVL-01013,Avelora Agricultural Resilience Agency,Farah Norel,acoustic monitoring and equipment maintenance,acoustic and camera equipment,wildlife_review,returned,standard,additional conditions required
ACE-000116,ACC-2024-0015,AVL-MAR,2024-05-18T09:00:00,request_submitted,Horizon Field Research Cooperative,REG-AVL-01013,Avelora Agricultural Resilience Agency,Sena Grell,acoustic monitoring and equipment maintenance,acoustic and camera equipment,returned,resubmitted,standard,conditions updated
ACE-000117,ACC-2024-0015,AVL-MAR,2024-05-20T09:00:00,authorization_granted,Horizon Field Research Cooperative,REG-AVL-01013,Avelora Agricultural Resilience Agency,Liora Maren,acoustic monitoring and equipment maintenance,acoustic and camera equipment,resubmitted,authorized,standard,authorization issued
ACE-000118,ACC-2024-0015,AVL-MAR,2024-05-30T18:00:00,access_started,Horizon Field Research Cooperative,REG-AVL-01013,Avelora Agricultural Resilience Agency,J. Varlan,acoustic monitoring and equipment maintenance,acoustic and camera equipment,authorized,active,standard,access commenced
ACE-000119,ACC-2024-0015,AVL-MAR,2024-05-31T03:00:00,access_completed,Horizon Field Research Cooperative,REG-AVL-01013,Avelora Agricultural Resilience Agency,Jalen Quorin,acoustic monitoring and equipment maintenance,acoustic and camera equipment,active,completed,standard,field work completed
ACE-000120,ACC-2024-0015,AVL-MAR,2024-06-02T11:00:00,closure_recorded,Horizon Field Research Cooperative,REG-AVL-01013,Avelora Agricultural Resilience Agency,Jalen Elen,acoustic monitoring and equipment maintenance,acoustic and camera equipment,completed,closed,standard,case closed
ACE-000121,ACC-2024-0016,TMB-PEL,2024-07-15T09:00:00,request_submitted,Horizon Field Research Cooperative,REG-AVL-01013,Tembara Biodiversity Service,Elira Vaun,acoustic monitoring and equipment maintenance,acoustic and camera equipment,draft,submitted,confidential,request logged
ACE-000122,ACC-2024-0016,TMB-PEL,2024-07-21T09:00:00,technical_review,Horizon Field Research Cooperative,REG-AVL-01013,Tembara Biodiversity Service,Amina Elen,acoustic monitoring and equipment maintenance,acoustic and camera equipment,submitted,technical_review,confidential,technical review completed
ACE-000123,ACC-2024-0016,TMB-PEL,2024-07-26T09:00:00,wildlife_review,Horizon Field Research Cooperative,REG-AVL-01013,Tembara Biodiversity Service,Bela Waren,acoustic monitoring and equipment maintenance,acoustic and camera equipment,technical_review,wildlife_review,confidential,wildlife conditions recorded
ACE-000124,ACC-2024-0016,TMB-PEL,2024-07-30T09:00:00,security_review,Horizon Field Research Cooperative,REG-AVL-01013,Tembara Biodiversity Service,Sena Grell,acoustic monitoring and equipment maintenance,acoustic and camera equipment,wildlife_review,security_review,confidential,site-security conditions recorded
ACE-000125,ACC-2024-0016,TMB-PEL,2024-08-05T09:00:00,authorization_granted,Horizon Field Research Cooperative,REG-AVL-01013,Tembara Biodiversity Service,Jalen Havel,acoustic monitoring and equipment maintenance,acoustic and camera equipment,security_review,authorized,confidential,authorization issued
ACE-000126,ACC-2024-0016,TMB-PEL,2024-08-15T18:00:00,access_started,Horizon Field Research Cooperative,REG-AVL-01013,Tembara Biodiversity Service,Ravin Palen,acoustic monitoring and equipment maintenance,acoustic and camera equipment,authorized,active,confidential,access commenced
ACE-000127,ACC-2024-0016,TMB-PEL,2024-08-16T03:00:00,access_completed,Horizon Field Research Cooperative,REG-AVL-01013,Tembara Biodiversity Service,Jalen Elen,acoustic monitoring and equipment maintenance,acoustic and camera equipment,active,completed,confidential,field work completed
ACE-000128,ACC-2024-0016,TMB-PEL,2024-08-18T11:00:00,closure_recorded,Horizon Field Research Cooperative,REG-AVL-01013,Tembara Biodiversity Service,Ravin Palen,acoustic monitoring and equipment maintenance,acoustic and camera equipment,completed,closed,confidential,case closed
ACE-000129,ACC-2025-0017,KNT-SEN,2025-03-17T09:00:00,request_submitted,Horizon Field Research Cooperative,REG-AVL-01013,Kintara Cave and Pollinator Authority,Vera Waren,acoustic monitoring and equipment maintenance,acoustic and camera equipment,draft,submitted,standard,request logged
ACE-000130,ACC-2025-0017,KNT-SEN,2025-03-23T09:00:00,technical_review,Horizon Field Research Cooperative,REG-AVL-01013,Kintara Cave and Pollinator Authority,Liora Corda,acoustic monitoring and equipment maintenance,acoustic and camera equipment,submitted,technical_review,standard,technical review completed
ACE-000131,ACC-2025-0017,KNT-SEN,2025-03-28T09:00:00,wildlife_review,Horizon Field Research Cooperative,REG-AVL-01013,Kintara Cave and Pollinator Authority,Bela Wessen,acoustic monitoring and equipment maintenance,acoustic and camera equipment,technical_review,wildlife_review,standard,wildlife conditions recorded
ACE-000132,ACC-2025-0017,KNT-SEN,2025-04-01T09:00:00,security_review,Horizon Field Research Cooperative,REG-AVL-01013,Kintara Cave and Pollinator Authority,Vera Waren,acoustic monitoring and equipment maintenance,acoustic and camera equipment,wildlife_review,security_review,standard,site-security conditions recorded
ACE-000133,ACC-2025-0017,KNT-SEN,2025-04-07T09:00:00,authorization_granted,Horizon Field Research Cooperative,REG-AVL-01013,Kintara Cave and Pollinator Authority,Daria Garen,acoustic monitoring and equipment maintenance,acoustic and camera equipment,security_review,authorized,standard,authorization issued
ACE-000134,ACC-2025-0017,KNT-SEN,2025-04-17T18:00:00,access_started,Horizon Field Research Cooperative,REG-AVL-01013,Kintara Cave and Pollinator Authority,J. Varlan,acoustic monitoring and equipment maintenance,acoustic and camera equipment,authorized,active,standard,access commenced
ACE-000135,ACC-2025-0017,KNT-SEN,2025-04-18T03:00:00,access_completed,Horizon Field Research Cooperative,REG-AVL-01013,Kintara Cave and Pollinator Authority,Jonah Bell,acoustic monitoring and equipment maintenance,acoustic and camera equipment,active,completed,standard,field work completed
ACE-000136,ACC-2025-0017,KNT-SEN,2025-04-20T11:00:00,closure_recorded,Horizon Field Research Cooperative,REG-AVL-01013,Kintara Cave and Pollinator Authority,Selene Aras,acoustic monitoring and equipment maintenance,acoustic and camera equipment,completed,closed,standard,case closed
ACE-000137,ACC-2025-0018,AVL-ORR,2025-05-12T09:00:00,request_submitted,Horizon Field Research Cooperative,REG-AVL-01013,Avelora Agricultural Resilience Agency,Calen Uren,night wildlife monitoring programme,portable monitoring and cold-storage equipment,draft,submitted,confidential,request logged
ACE-000138,ACC-2025-0018,AVL-ORR,2025-05-18T09:00:00,technical_review,Horizon Field Research Cooperative,REG-AVL-01013,Avelora Agricultural Resilience Agency,Xara Lask,night wildlife monitoring programme,portable monitoring and cold-storage equipment,submitted,technical_review,confidential,technical review completed
ACE-000139,ACC-2025-0018,AVL-ORR,2025-05-23T09:00:00,wildlife_review,Horizon Field Research Cooperative,REG-AVL-01013,Avelora Agricultural Resilience Agency,Petra Koral,night wildlife monitoring programme,portable monitoring and cold-storage equipment,technical_review,wildlife_review,confidential,wildlife conditions recorded
ACE-000140,ACC-2025-0018,AVL-ORR,2025-05-27T09:00:00,security_review,Horizon Field Research Cooperative,REG-AVL-01013,Avelora Agricultural Resilience Agency,Marek Kerin,night wildlife monitoring programme,portable monitoring and cold-storage equipment,wildlife_review,security_review,confidential,site-security conditions recorded
ACE-000141,ACC-2025-0018,AVL-ORR,2025-06-02T09:00:00,authorization_granted,Horizon Field Research Cooperative,REG-AVL-01013,Avelora Agricultural Resilience Agency,Petra Grell,night wildlife monitoring programme,portable monitoring and cold-storage equipment,security_review,authorized,confidential,authorization issued
ACE-000142,ACC-2025-0018,AVL-ORR,2025-06-12T18:00:00,access_started,Horizon Field Research Cooperative,REG-AVL-01013,Avelora Agricultural Resilience Agency,Halen Wessen,night wildlife monitoring programme,portable monitoring and cold-storage equipment,authorized,active,confidential,access commenced
ACE-000143,ACC-2025-0018,AVL-ORR,2025-06-13T03:00:00,access_completed,Horizon Field Research Cooperative,REG-AVL-01013,Avelora Agricultural Resilience Agency,Sena Grell,night wildlife monitoring programme,portable monitoring and cold-storage equipment,active,completed,confidential,field work completed
ACE-000144,ACC-2025-0018,AVL-ORR,2025-06-15T11:00:00,closure_recorded,Horizon Field Research Cooperative,REG-AVL-01013,Avelora Agricultural Resilience Agency,Mara Venn,night wildlife monitoring programme,portable monitoring and cold-storage equipment,completed,closed,confidential,case closed
ACE-000145,ACC-2018-0019,KNT-CYP,2018-04-15T09:00:00,request_submitted,Interregional Procurement Cooperative,REG-VLN-20001,Kintara Cave and Pollinator Authority,Doran Wessen,emergency equipment recovery,protective field equipment,draft,submitted,standard,request logged
ACE-000146,ACC-2018-0019,KNT-CYP,2018-04-19T09:00:00,technical_review,Interregional Procurement Cooperative,REG-VLN-20001,Kintara Cave and Pollinator Authority,Farah Norel,emergency equipment recovery,protective field equipment,submitted,technical_review,standard,technical review completed
ACE-000147,ACC-2018-0019,KNT-CYP,2018-04-25T09:00:00,authorization_denied,Interregional Procurement Cooperative,REG-VLN-20001,Kintara Cave and Pollinator Authority,Pavel Waren,emergency equipment recovery,protective field equipment,technical_review,denied,standard,access denied
ACE-000148,ACC-2018-0019,KNT-CYP,2018-04-27T09:00:00,closure_recorded,Interregional Procurement Cooperative,REG-VLN-20001,Kintara Cave and Pollinator Authority,Halen Wessen,emergency equipment recovery,protective field equipment,denied,closed,standard,case closed
ACE-000149,ACC-2024-0020,KNT-YRX,2024-06-19T09:00:00,request_submitted,Civic Health Purchasing Network,REG-VLN-20003,Kintara Cave and Pollinator Authority,Selene Aras,habitat restoration assessment,camera equipment,draft,submitted,standard,request logged
ACE-000150,ACC-2024-0020,KNT-YRX,2024-06-23T09:00:00,technical_review,Civic Health Purchasing Network,REG-VLN-20003,Kintara Cave and Pollinator Authority,Tomas Pell,habitat restoration assessment,camera equipment,submitted,technical_review,standard,technical review completed
ACE-000151,ACC-2024-0020,KNT-YRX,2024-06-26T09:00:00,wildlife_review,Civic Health Purchasing Network,REG-VLN-20003,Kintara Cave and Pollinator Authority,Ilia Perin,habitat restoration assessment,camera equipment,technical_review,wildlife_review,standard,wildlife conditions recorded
ACE-000152,ACC-2024-0020,KNT-YRX,2024-06-29T09:00:00,authorization_granted,Civic Health Purchasing Network,REG-VLN-20003,Kintara Cave and Pollinator Authority,Liora Corda,habitat restoration assessment,camera equipment,wildlife_review,authorized,standard,authorization issued
ACE-000153,ACC-2024-0020,KNT-YRX,2024-07-03T17:00:00,access_started,Civic Health Purchasing Network,REG-VLN-20003,Kintara Cave and Pollinator Authority,Farah Ferran,habitat restoration assessment,camera equipment,authorized,active,standard,access commenced
ACE-000154,ACC-2024-0020,KNT-YRX,2024-07-04T11:00:00,access_completed,Civic Health Purchasing Network,REG-VLN-20003,Kintara Cave and Pollinator Authority,Bela Wessen,habitat restoration assessment,camera equipment,active,completed,standard,work completed
ACE-000155,ACC-2024-0020,KNT-YRX,2024-07-06T09:00:00,closure_recorded,Civic Health Purchasing Network,REG-VLN-20003,Kintara Cave and Pollinator Authority,Bela Ferran,habitat restoration assessment,camera equipment,completed,closed,standard,case closed
ACE-000156,ACC-2022-0021,KNT-GKR,2022-10-23T09:00:00,request_submitted,Auric Medical Supplies,REG-VLN-20004,Kintara Cave and Pollinator Authority,,habitat restoration assessment,acoustic monitoring equipment,draft,submitted,standard,request logged
ACE-000157,ACC-2022-0021,KNT-GKR,2022-10-27T09:00:00,technical_review,Auric Medical Supplies,REG-VLN-20004,Kintara Cave and Pollinator Authority,Ilia Perin,habitat restoration assessment,acoustic monitoring equipment,submitted,technical_review,standard,technical review completed
ACE-000158,ACC-2022-0021,KNT-GKR,2022-10-30T09:00:00,wildlife_review,Auric Medical Supplies,REG-VLN-20004,Kintara Cave and Pollinator Authority,Doran Maren,habitat restoration assessment,acoustic monitoring equipment,technical_review,wildlife_review,standard,wildlife conditions recorded
ACE-000159,ACC-2022-0021,KNT-GKR,2022-11-02T09:00:00,authorization_granted,Auric Medical Supplies,REG-VLN-20004,Kintara Cave and Pollinator Authority,Petra Koral,habitat restoration assessment,acoustic monitoring equipment,wildlife_review,authorized,standard,authorization issued
ACE-000160,ACC-2022-0021,KNT-GKR,2022-11-06T17:00:00,access_started,Auric Medical Supplies,REG-VLN-20004,Kintara Cave and Pollinator Authority,Orin Kerin,habitat restoration assessment,acoustic monitoring equipment,authorized,active,standard,access commenced
ACE-000161,ACC-2022-0021,KNT-GKR,2022-11-07T11:00:00,access_completed,Auric Medical Supplies,REG-VLN-20004,Kintara Cave and Pollinator Authority,Bela Ferran,habitat restoration assessment,acoustic monitoring equipment,active,completed,standard,work completed
ACE-000162,ACC-2022-0021,KNT-GKR,2022-11-09T09:00:00,closure_recorded,Auric Medical Supplies,REG-VLN-20004,Kintara Cave and Pollinator Authority,Farah Norel,habitat restoration assessment,acoustic monitoring equipment,completed,closed,standard,case closed
ACE-000163,ACC-2022-0022,KNT-NNM,2022-10-16T09:00:00,request_submitted,Kintara Field Equipment Cooperative,REG-KNT-20006,Kintara Cave and Pollinator Authority,Liora Uren,sensor maintenance,maintenance tools,draft,submitted,standard,request logged
ACE-000164,ACC-2022-0022,KNT-NNM,2022-10-20T09:00:00,technical_review,Kintara Field Equipment Cooperative,REG-KNT-20006,Kintara Cave and Pollinator Authority,Mara Venn,sensor maintenance,maintenance tools,submitted,technical_review,standard,technical review completed
ACE-000165,ACC-2022-0022,KNT-NNM,2022-10-26T09:00:00,authorization_granted,Kintara Field Equipment Cooperative,REG-KNT-20006,Kintara Cave and Pollinator Authority,Jalen Elen,sensor maintenance,maintenance tools,technical_review,authorized,standard,authorization issued
ACE-000166,ACC-2022-0022,KNT-NNM,2022-10-30T17:00:00,access_started,Kintara Field Equipment Cooperative,REG-KNT-20006,Kintara Cave and Pollinator Authority,Selene Aras,sensor maintenance,maintenance tools,authorized,active,standard,access commenced
ACE-000167,ACC-2022-0022,KNT-NNM,2022-10-31T11:00:00,access_completed,Kintara Field Equipment Cooperative,REG-KNT-20006,Kintara Cave and Pollinator Authority,Marek Kerin,sensor maintenance,maintenance tools,active,completed,standard,work completed
ACE-000168,ACC-2022-0022,KNT-NNM,2022-11-02T09:00:00,closure_recorded,Kintara Field Equipment Cooperative,REG-KNT-20006,Kintara Cave and Pollinator Authority,Uma Wessen,sensor maintenance,maintenance tools,completed,closed,standard,case closed
ACE-000169,ACC-2022-0023,KNT-JAK,2022-10-18T09:00:00,request_submitted,Avelora Orchard Export Union,REG-AVL-20007,Kintara Cave and Pollinator Authority,Bela Wessen,sensor maintenance,acoustic monitoring equipment,draft,submitted,standard,request logged
ACE-000170,ACC-2022-0023,KNT-JAK,2022-10-22T09:00:00,technical_review,Avelora Orchard Export Union,REG-AVL-20007,Kintara Cave and Pollinator Authority,Daria Garen,sensor maintenance,acoustic monitoring equipment,submitted,technical_review,standard,technical review completed
ACE-000171,ACC-2022-0023,KNT-JAK,2022-10-25T09:00:00,wildlife_review,Avelora Orchard Export Union,REG-AVL-20007,Kintara Cave and Pollinator Authority,Kellan Orell,sensor maintenance,acoustic monitoring equipment,technical_review,wildlife_review,standard,wildlife conditions recorded
ACE-000172,ACC-2022-0023,KNT-JAK,2022-10-28T09:00:00,authorization_granted,Avelora Orchard Export Union,REG-AVL-20007,Kintara Cave and Pollinator Authority,Elira Vaun,sensor maintenance,acoustic monitoring equipment,wildlife_review,authorized,standard,authorization issued
ACE-000173,ACC-2022-0023,KNT-JAK,2022-11-01T17:00:00,access_started,Avelora Orchard Export Union,REG-AVL-20007,Kintara Cave and Pollinator Authority,Daria Garen,sensor maintenance,acoustic monitoring equipment,authorized,active,standard,access commenced
ACE-000174,ACC-2022-0023,KNT-JAK,2022-11-02T11:00:00,access_completed,Avelora Orchard Export Union,REG-AVL-20007,Kintara Cave and Pollinator Authority,Jalen Zorin,sensor maintenance,acoustic monitoring equipment,active,completed,standard,work completed
ACE-000175,ACC-2022-0023,KNT-JAK,2022-11-04T09:00:00,closure_recorded,Avelora Orchard Export Union,REG-AVL-20007,Kintara Cave and Pollinator Authority,Julien Marot,sensor maintenance,acoustic monitoring equipment,completed,closed,standard,case closed
ACE-000176,ACC-2018-0024,KNT-JQG,2018-04-10T09:00:00,request_submitted,Nordhaven Refrigeration Works,REG-NDH-20008,Kintara Cave and Pollinator Authority,Elira Vaun,routine monitoring visit,maintenance tools,draft,submitted,standard,request logged
ACE-000177,ACC-2018-0024,KNT-JQG,2018-04-14T09:00:00,technical_review,Nordhaven Refrigeration Works,REG-NDH-20008,Kintara Cave and Pollinator Authority,Liora Maren,routine monitoring visit,maintenance tools,submitted,technical_review,standard,technical review completed
ACE-000178,ACC-2018-0024,KNT-JQG,2018-04-17T09:00:00,wildlife_review,Nordhaven Refrigeration Works,REG-NDH-20008,Kintara Cave and Pollinator Authority,Calen Jaren,routine monitoring visit,maintenance tools,technical_review,wildlife_review,standard,wildlife conditions recorded
ACE-000179,ACC-2018-0024,KNT-JQG,2018-04-20T09:00:00,authorization_granted,Nordhaven Refrigeration Works,REG-NDH-20008,Kintara Cave and Pollinator Authority,Jora Vela,routine monitoring visit,maintenance tools,wildlife_review,authorized,standard,authorization issued
ACE-000180,ACC-2018-0024,KNT-JQG,2018-04-24T17:00:00,access_started,Nordhaven Refrigeration Works,REG-NDH-20008,Kintara Cave and Pollinator Authority,Marek Kerin,routine monitoring visit,maintenance tools,authorized,active,standard,access commenced
ACE-000181,ACC-2018-0024,KNT-JQG,2018-04-25T11:00:00,access_completed,Nordhaven Refrigeration Works,REG-NDH-20008,Kintara Cave and Pollinator Authority,Elira Vaun,routine monitoring visit,maintenance tools,active,completed,standard,work completed
ACE-000182,ACC-2018-0024,KNT-JQG,2018-04-27T09:00:00,closure_recorded,Nordhaven Refrigeration Works,REG-NDH-20008,Kintara Cave and Pollinator Authority,Bela Ferran,routine monitoring visit,maintenance tools,completed,closed,standard,case closed
ACE-000183,ACC-2017-0025,KNT-VLB,2017-08-01T09:00:00,request_submitted,Valenne Laboratory Materials,REG-VLN-20009,Kintara Cave and Pollinator Authority,Bela Ferran,routine monitoring visit,acoustic monitoring equipment,draft,submitted,confidential,request logged
ACE-000184,ACC-2017-0025,KNT-VLB,2017-08-05T09:00:00,technical_review,Valenne Laboratory Materials,REG-VLN-20009,Kintara Cave and Pollinator Authority,Doran Wessen,routine monitoring visit,acoustic monitoring equipment,submitted,technical_review,confidential,technical review completed
ACE-000185,ACC-2017-0025,KNT-VLB,2017-08-11T09:00:00,authorization_granted,Valenne Laboratory Materials,REG-VLN-20009,Kintara Cave and Pollinator Authority,Halen Wessen,routine monitoring visit,acoustic monitoring equipment,technical_review,authorized,confidential,authorization issued
ACE-000186,ACC-2017-0025,KNT-VLB,2017-08-15T17:00:00,access_started,Valenne Laboratory Materials,REG-VLN-20009,Kintara Cave and Pollinator Authority,Liora Corda,routine monitoring visit,acoustic monitoring equipment,authorized,active,confidential,access commenced
ACE-000187,ACC-2017-0025,KNT-VLB,2017-08-16T11:00:00,access_completed,Valenne Laboratory Materials,REG-VLN-20009,Kintara Cave and Pollinator Authority,Marek Kerin,routine monitoring visit,acoustic monitoring equipment,active,completed,confidential,work completed
ACE-000188,ACC-2017-0025,KNT-VLB,2017-08-18T09:00:00,closure_recorded,Valenne Laboratory Materials,REG-VLN-20009,Kintara Cave and Pollinator Authority,Nadia Istra,routine monitoring visit,acoustic monitoring equipment,completed,closed,confidential,case closed
ACE-000189,ACC-2023-0026,KNT-CHP,2023-09-18T09:00:00,request_submitted,Tembara Coastal Research Trust,REG-TMB-20010,Kintara Cave and Pollinator Authority,Sena Grell,emergency equipment recovery,maintenance tools,draft,submitted,standard,request logged
ACE-000190,ACC-2023-0026,KNT-CHP,22-Sep-2023 09:00:00,technical_review,Tembara Coastal Research Trust,REG-TMB-20010,Kintara Cave and Pollinator Authority,Daria Maren,emergency equipment recovery,maintenance tools,submitted,technical_review,standard,technical review completed
ACE-000191,ACC-2023-0026,KNT-CHP,2023-09-25T09:00:00,wildlife_review,Tembara Coastal Research Trust,REG-TMB-20010,Kintara Cave and Pollinator Authority,Ravin Palen,emergency equipment recovery,maintenance tools,technical_review,wildlife_review,standard,wildlife conditions recorded
ACE-000192,ACC-2023-0026,KNT-CHP,2023-09-28T09:00:00,authorization_denied,Tembara Coastal Research Trust,REG-TMB-20010,Kintara Cave and Pollinator Authority,Ravin Palen,emergency equipment recovery,maintenance tools,wildlife_review,denied,standard,access denied
ACE-000193,ACC-2023-0026,KNT-CHP,2023-09-30T09:00:00,closure_recorded,Tembara Coastal Research Trust,REG-TMB-20010,Kintara Cave and Pollinator Authority,Calen Uren,emergency equipment recovery,maintenance tools,denied,closed,standard,case closed
ACE-000194,ACC-2019-0027,KNT-YRG,2019-09-04T09:00:00,request_submitted,Kintara Rural Transport Board,,Kintara Cave and Pollinator Authority,Doran Wessen,routine monitoring visit,maintenance tools,draft,submitted,standard,request logged
ACE-000195,ACC-2019-0027,KNT-YRG,2019-09-08T09:00:00,technical_review,Kintara Rural Transport Board,,Kintara Cave and Pollinator Authority,Liora Uren,routine monitoring visit,maintenance tools,submitted,technical_review,standard,technical review completed
ACE-000196,ACC-2019-0027,KNT-YRG,2019-09-11T09:00:00,wildlife_review,Kintara Rural Transport Board,,Kintara Cave and Pollinator Authority,Ilyan Rho,routine monitoring visit,maintenance tools,technical_review,wildlife_review,standard,wildlife conditions recorded
ACE-000197,ACC-2019-0027,KNT-YRG,2019-09-14T09:00:00,authorization_granted,Kintara Rural Transport Board,,Kintara Cave and Pollinator Authority,Jalen Quorin,routine monitoring visit,maintenance tools,wildlife_review,authorized,standard,authorization issued
ACE-000198,ACC-2019-0027,KNT-YRG,2019-09-18T17:00:00,access_started,Kintara Rural Transport Board,,Kintara Cave and Pollinator Authority,Nadia Istra,routine monitoring visit,maintenance tools,authorized,active,standard,access commenced
ACE-000199,ACC-2019-0027,KNT-YRG,2019-09-19T11:00:00,access_completed,Kintara Rural Transport Board,,Kintara Cave and Pollinator Authority,Amina Elen,routine monitoring visit,maintenance tools,active,completed,standard,work completed
ACE-000200,ACC-2019-0027,KNT-YRG,2019-09-21T09:00:00,closure_recorded,Kintara Rural Transport Board,,Kintara Cave and Pollinator Authority,Farah Ferran,routine monitoring visit,maintenance tools,completed,closed,standard,case closed
ACE-000201,ACC-2023-0028,KNT-WUQ,2023-04-13T09:00:00,request_submitted,Avelora Food Standards Office,,Kintara Cave and Pollinator Authority,Selene Aras,emergency equipment recovery,camera equipment,draft,submitted,confidential,request logged
ACE-000202,ACC-2023-0028,KNT-WUQ,2023-04-17T09:00:00,technical_review,Avelora Food Standards Office,,Kintara Cave and Pollinator Authority,Jonah Bell,emergency equipment recovery,camera equipment,submitted,technical_review,confidential,technical review completed
ACE-000203,ACC-2023-0028,KNT-WUQ,2023-04-23T09:00:00,authorization_granted,Avelora Food Standards Office,,Kintara Cave and Pollinator Authority,Bela Ferran,emergency equipment recovery,camera equipment,technical_review,authorized,confidential,authorization issued
ACE-000204,ACC-2023-0028,KNT-WUQ,2023-04-27T17:00:00,access_started,Avelora Food Standards Office,,Kintara Cave and Pollinator Authority,Jalen Quorin,emergency equipment recovery,camera equipment,authorized,active,confidential,access commenced
ACE-000205,ACC-2023-0028,KNT-WUQ,2023-04-28T11:00:00,access_completed,Avelora Food Standards Office,,Kintara Cave and Pollinator Authority,Selene Aras,emergency equipment recovery,camera equipment,active,completed,confidential,work completed
ACE-000206,ACC-2023-0028,KNT-WUQ,2023-04-30T09:00:00,closure_recorded,Avelora Food Standards Office,,Kintara Cave and Pollinator Authority,Selene Aras,emergency equipment recovery,camera equipment,completed,closed,confidential,case closed
ACE-000207,ACC-2015-0029,KNT-DMJ,2015-11-01T09:00:00,request_submitted,Nordhaven Maritime Safety Agency,,Kintara Cave and Pollinator Authority,Anika Dren,emergency equipment recovery,camera equipment,draft,submitted,standard,request logged
ACE-000208,ACC-2015-0029,KNT-DMJ,2015-11-05T09:00:00,technical_review,Nordhaven Maritime Safety Agency,,Kintara Cave and Pollinator Authority,Jora Vela,emergency equipment recovery,camera equipment,submitted,technical_review,standard,technical review completed
ACE-000209,ACC-2015-0029,KNT-DMJ,2015-11-08T09:00:00,wildlife_review,Nordhaven Maritime Safety Agency,,Kintara Cave and Pollinator Authority,Orin Kerin,emergency equipment recovery,camera equipment,technical_review,wildlife_review,standard,wildlife conditions recorded
ACE-000210,ACC-2015-0029,KNT-DMJ,2015-11-11T09:00:00,authorization_granted,Nordhaven Maritime Safety Agency,,Kintara Cave and Pollinator Authority,Amina Elen,emergency equipment recovery,camera equipment,wildlife_review,authorized,standard,authorization issued
ACE-000211,ACC-2015-0029,KNT-DMJ,2015-11-15T17:00:00,access_started,Nordhaven Maritime Safety Agency,,Kintara Cave and Pollinator Authority,Calen Uren,emergency equipment recovery,camera equipment,authorized,active,standard,access commenced
ACE-000212,ACC-2015-0029,KNT-DMJ,2015-11-16T11:00:00,access_completed,Nordhaven Maritime Safety Agency,,Kintara Cave and Pollinator Authority,Elira Vaun,emergency equipment recovery,camera equipment,active,completed,standard,work completed
ACE-000213,ACC-2015-0029,KNT-DMJ,2015-11-18T09:00:00,closure_recorded,Nordhaven Maritime Safety Agency,,Kintara Cave and Pollinator Authority,Zalia Dalen,emergency equipment recovery,camera equipment,completed,closed,standard,case closed
ACE-000214,ACC-2022-0030,KNT-GGN,2022-10-05T09:00:00,request_submitted,Valenne Public Procurement Authority,,Kintara Cave and Pollinator Authority,Ravin Palen,habitat restoration assessment,camera equipment,draft,submitted,confidential,request logged
ACE-000215,ACC-2022-0030,KNT-GGN,2022-10-09T09:00:00,technical_review,Valenne Public Procurement Authority,,Kintara Cave and Pollinator Authority,Farah Ferran,habitat restoration assessment,camera equipment,submitted,technical_review,confidential,technical review completed
ACE-000216,ACC-2022-0030,KNT-GGN,2022-10-12T09:00:00,wildlife_review,Valenne Public Procurement Authority,,Kintara Cave and Pollinator Authority,Xara Lask,habitat restoration assessment,camera equipment,technical_review,wildlife_review,confidential,wildlife conditions recorded
ACE-000217,ACC-2022-0030,KNT-GGN,2022-10-15T09:00:00,authorization_granted,Valenne Public Procurement Authority,,Kintara Cave and Pollinator Authority,Jalen Quorin,habitat restoration assessment,camera equipment,wildlife_review,authorized,confidential,authorization issued
ACE-000218,ACC-2022-0030,KNT-GGN,2022-10-19T17:00:00,access_started,Valenne Public Procurement Authority,,Kintara Cave and Pollinator Authority,Ilyan Rho,habitat restoration assessment,camera equipment,authorized,active,confidential,access commenced
ACE-000219,ACC-2022-0030,KNT-GGN,2022-10-20T11:00:00,access_completed,Valenne Public Procurement Authority,,Kintara Cave and Pollinator Authority,Marek Kerin,habitat restoration assessment,camera equipment,active,completed,confidential,work completed
ACE-000220,ACC-2022-0030,KNT-GGN,2022-10-22T09:00:00,closure_recorded,Valenne Public Procurement Authority,,Kintara Cave and Pollinator Authority,Xara Lask,habitat restoration assessment,camera equipment,completed,closed,confidential,case closed
ACE-000221,ACC-2021-0031,KNT-QWU,2021-11-01T09:00:00,request_submitted,Marula Cold Store Cooperative,REG-AVL-20012,Kintara Cave and Pollinator Authority,Daria Maren,sensor maintenance,acoustic monitoring equipment,draft,submitted,standard,request logged
ACE-000222,ACC-2021-0031,KNT-QWU,2021-11-05T09:00:00,technical_review,Marula Cold Store Cooperative,REG-AVL-20012,Kintara Cave and Pollinator Authority,Calen Uren,sensor maintenance,acoustic monitoring equipment,submitted,technical_review,standard,technical review completed
ACE-000223,ACC-2021-0031,KNT-QWU,2021-11-11T09:00:00,authorization_granted,Marula Cold Store Cooperative,REG-AVL-20012,Kintara Cave and Pollinator Authority,Liora Corda,sensor maintenance,acoustic monitoring equipment,technical_review,authorized,standard,authorization issued
ACE-000224,ACC-2021-0031,KNT-QWU,2021-11-15T17:00:00,access_started,Marula Cold Store Cooperative,REG-AVL-20012,Kintara Cave and Pollinator Authority,Pavel Waren,sensor maintenance,acoustic monitoring equipment,authorized,active,standard,access commenced
ACE-000225,ACC-2021-0031,KNT-QWU,2021-11-16T11:00:00,access_completed,Marula Cold Store Cooperative,REG-AVL-20012,Kintara Cave and Pollinator Authority,Xara Lask,sensor maintenance,acoustic monitoring equipment,active,completed,standard,work completed
ACE-000226,ACC-2021-0031,KNT-QWU,2021-11-18T09:00:00,closure_recorded,Marula Cold Store Cooperative,REG-AVL-20012,Kintara Cave and Pollinator Authority,Farah Norel,sensor maintenance,acoustic monitoring equipment,completed,closed,standard,case closed
ACE-000227,ACC-2024-0032,KNT-TLQ,2024-08-12T09:00:00,request_submitted,Pelagos Marine Samples Laboratory,REG-TMB-20013,Kintara Cave and Pollinator Authority,Elira Vaun,habitat restoration assessment,acoustic monitoring equipment,draft,submitted,restricted,request logged
ACE-000228,ACC-2024-0032,KNT-TLQ,2024-08-16T09:00:00,technical_review,Pelagos Marine Samples Laboratory,REG-TMB-20013,Kintara Cave and Pollinator Authority,Petra Grell,habitat restoration assessment,acoustic monitoring equipment,submitted,technical_review,restricted,technical review completed
ACE-000229,ACC-2024-0032,KNT-TLQ,2024-08-19T09:00:00,wildlife_review,Pelagos Marine Samples Laboratory,REG-TMB-20013,Kintara Cave and Pollinator Authority,Jalen Zorin,habitat restoration assessment,acoustic monitoring equipment,technical_review,wildlife_review,restricted,wildlife conditions recorded
ACE-000230,ACC-2024-0032,KNT-TLQ,2024-08-22T09:00:00,authorization_granted,Pelagos Marine Samples Laboratory,REG-TMB-20013,Kintara Cave and Pollinator Authority,Petra Grell,habitat restoration assessment,acoustic monitoring equipment,wildlife_review,authorized,restricted,authorization issued
ACE-000231,ACC-2024-0032,KNT-TLQ,2024-08-26T17:00:00,access_started,Pelagos Marine Samples Laboratory,REG-TMB-20013,Kintara Cave and Pollinator Authority,Bela Ferran,habitat restoration assessment,acoustic monitoring equipment,authorized,active,restricted,access commenced
ACE-000232,ACC-2024-0032,KNT-TLQ,2024-08-27T11:00:00,access_completed,Pelagos Marine Samples Laboratory,REG-TMB-20013,Kintara Cave and Pollinator Authority,Julien Marot,habitat restoration assessment,acoustic monitoring equipment,active,completed,restricted,work completed
ACE-000233,ACC-2024-0032,KNT-TLQ,2024/08/29 09:00:00,closure_recorded,Pelagos Marine Samples Laboratory,REG-TMB-20013,Kintara Cave and Pollinator Authority,Kellan Orell,habitat restoration assessment,acoustic monitoring equipment,completed,closed,restricted,case closed
ACE-000234,ACC-2022-0033,KNT-UJJ,2022-10-17T09:00:00,request_submitted,Kestrel Conservation Services,REG-KNT-20014,Kintara Cave and Pollinator Authority,Jalen Quorin,sensor maintenance,acoustic monitoring equipment,draft,submitted,standard,request logged
ACE-000235,ACC-2022-0033,KNT-UJJ,2022-10-21T09:00:00,technical_review,Kestrel Conservation Services,REG-KNT-20014,Kintara Cave and Pollinator Authority,J. Varlan,sensor maintenance,acoustic monitoring equipment,submitted,technical_review,standard,technical review completed
ACE-000236,ACC-2022-0033,KNT-UJJ,2022-10-24T09:00:00,wildlife_review,Kestrel Conservation Services,REG-KNT-20014,Kintara Cave and Pollinator Authority,Pavel Waren,sensor maintenance,acoustic monitoring equipment,technical_review,wildlife_review,standard,wildlife conditions recorded
ACE-000237,ACC-2022-0033,KNT-UJJ,2022-10-27T09:00:00,authorization_denied,Kestrel Conservation Services,REG-KNT-20014,Kintara Cave and Pollinator Authority,Doran Maren,sensor maintenance,acoustic monitoring equipment,wildlife_review,denied,standard,access denied
ACE-000238,ACC-2022-0033,KNT-UJJ,2022-10-29T09:00:00,closure_recorded,Kestrel Conservation Services,REG-KNT-20014,Kintara Cave and Pollinator Authority,Doran Wessen,sensor maintenance,acoustic monitoring equipment,denied,closed,standard,case closed
ACE-000239,ACC-2015-0034,KNT-VXR,2015-02-15T09:00:00,request_submitted,Orison Facility Management,REG-VLN-20015,Kintara Cave and Pollinator Authority,Pavel Waren,sensor maintenance,camera equipment,draft,submitted,standard,request logged
ACE-000240,ACC-2015-0034,KNT-VXR,2015-02-19T09:00:00,technical_review,Orison Facility Management,REG-VLN-20015,Kintara Cave and Pollinator Authority,Kira Elen,sensor maintenance,camera equipment,submitted,technical_review,standard,technical review completed
ACE-000241,ACC-2015-0034,KNT-VXR,2015-02-25T09:00:00,authorization_granted,Orison Facility Management,REG-VLN-20015,Kintara Cave and Pollinator Authority,J. Varlan,sensor maintenance,camera equipment,technical_review,authorized,standard,authorization issued
ACE-000242,ACC-2015-0034,KNT-VXR,2015-03-01T17:00:00,access_started,Orison Facility Management,REG-VLN-20015,Kintara Cave and Pollinator Authority,Kira Elen,sensor maintenance,camera equipment,authorized,active,standard,access commenced
ACE-000243,ACC-2015-0034,KNT-VXR,2015-03-02T11:00:00,access_completed,Orison Facility Management,REG-VLN-20015,Kintara Cave and Pollinator Authority,Daria Garen,sensor maintenance,camera equipment,active,completed,standard,work completed
ACE-000244,ACC-2015-0034,KNT-VXR,2015-03-04T09:00:00,closure_recorded,Orison Facility Management,REG-VLN-20015,Kintara Cave and Pollinator Authority,Jalen Elen,sensor maintenance,camera equipment,completed,closed,standard,case closed
ACE-000245,ACC-2019-0035,KNT-TEX,2019-09-09T09:00:00,request_submitted,Lumen Protective Equipment,REG-VLN-20016,Kintara Cave and Pollinator Authority,Jonah Bell,orchard pollination survey,acoustic monitoring equipment,draft,submitted,standard,request logged
ACE-000246,ACC-2019-0035,KNT-TEX,2019-09-13T09:00:00,technical_review,Lumen Protective Equipment,REG-VLN-20016,Kintara Cave and Pollinator Authority,Pavel Waren,orchard pollination survey,acoustic monitoring equipment,submitted,technical_review,standard,technical review completed
ACE-000247,ACC-2019-0035,KNT-TEX,2019-09-16T09:00:00,wildlife_review,Lumen Protective Equipment,REG-VLN-20016,Kintara Cave and Pollinator Authority,Uma Wessen,orchard pollination survey,acoustic monitoring equipment,technical_review,wildlife_review,standard,wildlife conditions recorded
ACE-000248,ACC-2019-0035,KNT-TEX,2019-09-19T09:00:00,authorization_granted,Lumen Protective Equipment,REG-VLN-20016,Kintara Cave and Pollinator Authority,Nadia Istra,orchard pollination survey,acoustic monitoring equipment,wildlife_review,authorized,standard,authorization issued
ACE-000249,ACC-2019-0035,KNT-TEX,2019-09-23T17:00:00,access_started,Lumen Protective Equipment,REG-VLN-20016,Kintara Cave and Pollinator Authority,Xara Lask,orchard pollination survey,acoustic monitoring equipment,authorized,active,standard,access commenced
ACE-000250,ACC-2019-0035,KNT-TEX,2019-09-24T11:00:00,access_completed,Lumen Protective Equipment,REG-VLN-20016,Kintara Cave and Pollinator Authority,Halen Wessen,orchard pollination survey,acoustic monitoring equipment,active,completed,standard,work completed
ACE-000251,ACC-2019-0035,KNT-TEX,2019-09-26T09:00:00,closure_recorded,Lumen Protective Equipment,REG-VLN-20016,Kintara Cave and Pollinator Authority,Halen Wessen,orchard pollination survey,acoustic monitoring equipment,completed,closed,standard,case closed
ACE-000252,ACC-2019-0036,KNT-BME,2019-09-05T09:00:00,request_submitted,Senna Agricultural Research Centre,REG-KNT-20020,Kintara Cave and Pollinator Authority,Jalen Havel,routine monitoring visit,protective field equipment,draft,submitted,restricted,request logged
ACE-000253,ACC-2019-0036,KNT-BME,2019-09-09T09:00:00,technical_review,Senna Agricultural Research Centre,REG-KNT-20020,Kintara Cave and Pollinator Authority,Jalen Havel,routine monitoring visit,protective field equipment,submitted,technical_review,restricted,technical review completed
ACE-000254,ACC-2019-0036,KNT-BME,2019-09-12T09:00:00,wildlife_review,Senna Agricultural Research Centre,REG-KNT-20020,Kintara Cave and Pollinator Authority,Liora Maren,routine monitoring visit,protective field equipment,technical_review,wildlife_review,restricted,wildlife conditions recorded
ACE-000255,ACC-2019-0036,KNT-BME,2019-09-15T09:00:00,authorization_granted,Senna Agricultural Research Centre,REG-KNT-20020,Kintara Cave and Pollinator Authority,Tomas Pell,routine monitoring visit,protective field equipment,wildlife_review,authorized,restricted,authorization issued
ACE-000256,ACC-2019-0036,KNT-BME,2019-09-19T17:00:00,access_started,Senna Agricultural Research Centre,REG-KNT-20020,Kintara Cave and Pollinator Authority,Farah Ferran,routine monitoring visit,protective field equipment,authorized,active,restricted,access commenced
ACE-000257,ACC-2019-0036,KNT-BME,2019-09-20T11:00:00,access_completed,Senna Agricultural Research Centre,REG-KNT-20020,Kintara Cave and Pollinator Authority,Petra Koral,routine monitoring visit,protective field equipment,active,completed,restricted,work completed
ACE-000258,ACC-2019-0036,KNT-BME,2019-09-22T09:00:00,closure_recorded,Senna Agricultural Research Centre,REG-KNT-20020,Kintara Cave and Pollinator Authority,Jalen Quorin,routine monitoring visit,protective field equipment,completed,closed,restricted,case closed
ACE-000259,ACC-2024-0037,KNT-XAC,2024-11-08T09:00:00,request_submitted,Velin Packaging Industries,REG-AVL-20021,Kintara Cave and Pollinator Authority,Doran Wessen,emergency equipment recovery,camera equipment,draft,submitted,standard,request logged
ACE-000260,ACC-2024-0037,KNT-XAC,2024-11-12T09:00:00,technical_review,Velin Packaging Industries,REG-AVL-20021,Kintara Cave and Pollinator Authority,Petra Koral,emergency equipment recovery,camera equipment,submitted,technical_review,standard,technical review completed
ACE-000261,ACC-2024-0037,KNT-XAC,2024-11-18T09:00:00,authorization_granted,Velin Packaging Industries,REG-AVL-20021,Kintara Cave and Pollinator Authority,Uma Wessen,emergency equipment recovery,camera equipment,technical_review,authorized,standard,authorization issued
ACE-000262,ACC-2024-0037,KNT-XAC,2024-11-22T17:00:00,access_started,Velin Packaging Industries,REG-AVL-20021,Kintara Cave and Pollinator Authority,Xara Lask,emergency equipment recovery,camera equipment,authorized,active,standard,access commenced
ACE-000263,ACC-2024-0037,KNT-XAC,2024-11-23T11:00:00,access_completed,Velin Packaging Industries,REG-AVL-20021,Kintara Cave and Pollinator Authority,Vera Waren,emergency equipment recovery,camera equipment,active,completed,standard,work completed
ACE-000264,ACC-2024-0037,KNT-XAC,2024-11-25T09:00:00,closure_recorded,Velin Packaging Industries,REG-AVL-20021,Kintara Cave and Pollinator Authority,Mara Venn,emergency equipment recovery,camera equipment,completed,closed,standard,case closed
ACE-000265,ACC-2023-0038,AVL-TRP,2023-09-09T09:00:00,request_submitted,Orra Technical Services,REG-AVL-20022,Avelora Agricultural Resilience Agency,Jalen Elen,routine monitoring visit,acoustic monitoring equipment,draft,submitted,standard,request logged
ACE-000266,ACC-2023-0038,AVL-TRP,2023-09-13T09:00:00,technical_review,Orra Technical Services,REG-AVL-20022,Avelora Agricultural Resilience Agency,Marek Kerin,routine monitoring visit,acoustic monitoring equipment,submitted,technical_review,standard,technical review completed
ACE-000267,ACC-2023-0038,AVL-TRP,2023-09-16T09:00:00,wildlife_review,Orra Technical Services,REG-AVL-20022,Avelora Agricultural Resilience Agency,Jonah Bell,routine monitoring visit,acoustic monitoring equipment,technical_review,wildlife_review,standard,wildlife conditions recorded
ACE-000268,ACC-2023-0038,AVL-TRP,2023-09-19T09:00:00,authorization_granted,Orra Technical Services,REG-AVL-20022,Avelora Agricultural Resilience Agency,Jora Vela,routine monitoring visit,acoustic monitoring equipment,wildlife_review,authorized,standard,authorization issued
ACE-000269,ACC-2023-0038,AVL-TRP,2023-09-23T17:00:00,access_started,Orra Technical Services,REG-AVL-20022,Avelora Agricultural Resilience Agency,Jalen Havel,routine monitoring visit,acoustic monitoring equipment,authorized,active,standard,access commenced
ACE-000270,ACC-2023-0038,AVL-TRP,2023-09-24T11:00:00,access_completed,Orra Technical Services,REG-AVL-20022,Avelora Agricultural Resilience Agency,Calen Uren,routine monitoring visit,acoustic monitoring equipment,active,completed,standard,work completed
ACE-000271,ACC-2023-0038,AVL-TRP,2023-09-26T09:00:00,closure_recorded,Orra Technical Services,REG-AVL-20022,Avelora Agricultural Resilience Agency,J. Varlan,routine monitoring visit,acoustic monitoring equipment,completed,closed,standard,case closed
ACE-000272,ACC-2017-0039,AVL-NFR,10-Feb-2017 09:00:00,request_submitted,Juniper Community Health Foundation,REG-KNT-20025,Avelora Agricultural Resilience Agency,Pavel Waren,emergency equipment recovery,maintenance tools,draft,submitted,confidential,request logged
ACE-000273,ACC-2017-0039,AVL-NFR,2017-02-14T09:00:00,technical_review,Juniper Community Health Foundation,REG-KNT-20025,Avelora Agricultural Resilience Agency,Tomas Pell,emergency equipment recovery,maintenance tools,submitted,technical_review,confidential,technical review completed
ACE-000274,ACC-2017-0039,AVL-NFR,2017-02-17T09:00:00,wildlife_review,Juniper Community Health Foundation,REG-KNT-20025,Avelora Agricultural Resilience Agency,Mara Venn,emergency equipment recovery,maintenance tools,technical_review,wildlife_review,confidential,wildlife conditions recorded
ACE-000275,ACC-2017-0039,AVL-NFR,2017-02-20T09:00:00,authorization_granted,Juniper Community Health Foundation,REG-KNT-20025,Avelora Agricultural Resilience Agency,Daria Garen,emergency equipment recovery,maintenance tools,wildlife_review,authorized,confidential,authorization issued
ACE-000276,ACC-2017-0039,AVL-NFR,2017-02-24T17:00:00,access_started,Juniper Community Health Foundation,REG-KNT-20025,Avelora Agricultural Resilience Agency,Kellan Orell,emergency equipment recovery,maintenance tools,authorized,active,confidential,access commenced
ACE-000277,ACC-2017-0039,AVL-NFR,2017-02-25T11:00:00,access_completed,Juniper Community Health Foundation,REG-KNT-20025,Avelora Agricultural Resilience Agency,Orin Kerin,emergency equipment recovery,maintenance tools,active,completed,confidential,work completed
ACE-000278,ACC-2017-0039,AVL-NFR,2017-02-27T09:00:00,closure_recorded,Juniper Community Health Foundation,REG-KNT-20025,Avelora Agricultural Resilience Agency,Halen Wessen,emergency equipment recovery,maintenance tools,completed,closed,confidential,case closed
ACE-000279,ACC-2018-0040,AVL-ARU,2018-04-20T09:00:00,request_submitted,Dune Agricultural Machinery,REG-TMB-20027,Avelora Agricultural Resilience Agency,Ravin Palen,emergency equipment recovery,maintenance tools,draft,submitted,restricted,request logged
ACE-000280,ACC-2018-0040,AVL-ARU,2018-04-24T09:00:00,technical_review,Dune Agricultural Machinery,REG-TMB-20027,Avelora Agricultural Resilience Agency,Sena Grell,emergency equipment recovery,maintenance tools,submitted,technical_review,restricted,technical review completed
ACE-000281,ACC-2018-0040,AVL-ARU,2018-04-30T09:00:00,authorization_denied,Dune Agricultural Machinery,REG-TMB-20027,Avelora Agricultural Resilience Agency,Ilyan Rho,emergency equipment recovery,maintenance tools,technical_review,denied,restricted,access denied
ACE-000282,ACC-2018-0040,AVL-ARU,2018-05-02T09:00:00,closure_recorded,Dune Agricultural Machinery,REG-TMB-20027,Avelora Agricultural Resilience Agency,Calen Uren,emergency equipment recovery,maintenance tools,denied,closed,restricted,case closed
ACE-000283,ACC-2023-0041,AVL-GRB,2023-09-10T09:00:00,request_submitted,Quartz Data Hosting,REG-VLN-20028,Avelora Agricultural Resilience Agency,Zalia Dalen,emergency equipment recovery,protective field equipment,draft,submitted,restricted,request logged
ACE-000284,ACC-2023-0041,AVL-GRB,2023-09-14T09:00:00,technical_review,Quartz Data Hosting,REG-VLN-20028,Avelora Agricultural Resilience Agency,Daria Zaven,emergency equipment recovery,protective field equipment,submitted,technical_review,restricted,technical review completed
ACE-000285,ACC-2023-0041,AVL-GRB,2023-09-17T09:00:00,wildlife_review,Quartz Data Hosting,REG-VLN-20028,Avelora Agricultural Resilience Agency,Uma Wessen,emergency equipment recovery,protective field equipment,technical_review,wildlife_review,restricted,wildlife conditions recorded
ACE-000286,ACC-2023-0041,AVL-GRB,2023-09-20T09:00:00,authorization_granted,Quartz Data Hosting,REG-VLN-20028,Avelora Agricultural Resilience Agency,Calen Jaren,emergency equipment recovery,protective field equipment,wildlife_review,authorized,restricted,authorization issued
ACE-000287,ACC-2023-0041,AVL-GRB,2023-09-24T17:00:00,access_started,Quartz Data Hosting,REG-VLN-20028,Avelora Agricultural Resilience Agency,Liora Uren,emergency equipment recovery,protective field equipment,authorized,active,restricted,access commenced
ACE-000288,ACC-2023-0041,AVL-GRB,2023-09-25T11:00:00,ACCESS_COMPLETED,Quartz Data Hosting,REG-VLN-20028,Avelora Agricultural Resilience Agency,Liora Corda,emergency equipment recovery,protective field equipment,active,completed,restricted,work completed
ACE-000289,ACC-2023-0041,AVL-GRB,2023-09-27T09:00:00,closure_recorded,Quartz Data Hosting,REG-VLN-20028,Avelora Agricultural Resilience Agency,Farah Ferran,emergency equipment recovery,protective field equipment,completed,closed,restricted,case closed
ACE-000290,ACC-2017-0042,AVL-DER,2017-07-25T09:00:00,request_submitted,Garnet Scientific Instruments,REG-TMB-20031,Avelora Agricultural Resilience Agency,Jalen Quorin,routine monitoring visit,protective field equipment,draft,submitted,standard,request logged
ACE-000291,ACC-2017-0042,AVL-DER,2017-07-29T09:00:00,technical_review,Garnet Scientific Instruments,REG-TMB-20031,Avelora Agricultural Resilience Agency,Liora Maren,routine monitoring visit,protective field equipment,submitted,technical_review,standard,technical review completed
ACE-000292,ACC-2017-0042,AVL-DER,2017-08-01T09:00:00,wildlife_review,Garnet Scientific Instruments,REG-TMB-20031,Avelora Agricultural Resilience Agency,Anika Dren,routine monitoring visit,protective field equipment,technical_review,wildlife_review,standard,wildlife conditions recorded
ACE-000293,ACC-2017-0042,AVL-DER,2017-08-04T09:00:00,authorization_granted,Garnet Scientific Instruments,REG-TMB-20031,Avelora Agricultural Resilience Agency,Daria Maren,routine monitoring visit,protective field equipment,wildlife_review,authorized,standard,authorization issued
ACE-000294,ACC-2017-0042,AVL-DER,2017-08-08T17:00:00,access_started,Garnet Scientific Instruments,REG-TMB-20031,Avelora Agricultural Resilience Agency,Zalia Dalen,routine monitoring visit,protective field equipment,authorized,active,standard,access commenced
ACE-000295,ACC-2017-0042,AVL-DER,2017-08-09T11:00:00,access_completed,Garnet Scientific Instruments,REG-TMB-20031,Avelora Agricultural Resilience Agency,Ravin Palen,routine monitoring visit,protective field equipment,active,completed,standard,work completed
ACE-000296,ACC-2017-0042,AVL-DER,2017-08-11T09:00:00,closure_recorded,Garnet Scientific Instruments,REG-TMB-20031,Avelora Agricultural Resilience Agency,Mara Venn,routine monitoring visit,protective field equipment,completed,closed,standard,case closed
ACE-000297,ACC-2021-0043,AVL-HTY,2021-11-17T09:00:00,request_submitted,Riverstone Waste Management,REG-AVL-20036,Avelora Agricultural Resilience Agency,Xara Lask,routine monitoring visit,protective field equipment,draft,submitted,standard,request logged
ACE-000298,ACC-2021-0043,AVL-HTY,2021-11-21T09:00:00,technical_review,Riverstone Waste Management,REG-AVL-20036,Avelora Agricultural Resilience Agency,Jora Vela,routine monitoring visit,protective field equipment,submitted,technical_review,standard,technical review completed
ACE-000299,ACC-2021-0043,AVL-HTY,2021-11-27T09:00:00,authorization_granted,Riverstone Waste Management,REG-AVL-20036,Avelora Agricultural Resilience Agency,Vera Waren,routine monitoring visit,protective field equipment,technical_review,authorized,standard,authorization issued
ACE-000300,ACC-2021-0043,AVL-HTY,2021-12-01T17:00:00,access_started,Riverstone Waste Management,REG-AVL-20036,Avelora Agricultural Resilience Agency,Calen Uren,routine monitoring visit,protective field equipment,authorized,active,standard,access commenced
ACE-000301,ACC-2021-0043,AVL-HTY,2021-12-02T11:00:00,access_completed,Riverstone Waste Management,REG-AVL-20036,Avelora Agricultural Resilience Agency,Kira Elen,routine monitoring visit,protective field equipment,active,completed,standard,work completed
ACE-000302,ACC-2021-0043,AVL-HTY,2021-12-04T09:00:00,closure_recorded,Riverstone Waste Management,REG-AVL-20036,Avelora Agricultural Resilience Agency,Zalia Dalen,routine monitoring visit,protective field equipment,completed,closed,standard,case closed
ACE-000303,ACC-2017-0044,AVL-RNY,2017-05-26T09:00:00,request_submitted,Blue Heron Monitoring Cooperative,REG-KNT-20037,Avelora Agricultural Resilience Agency,Xara Lask,habitat restoration assessment,protective field equipment,draft,submitted,standard,request logged
ACE-000304,ACC-2017-0044,AVL-RNY,2017-05-30T09:00:00,technical_review,Blue Heron Monitoring Cooperative,REG-KNT-20037,Avelora Agricultural Resilience Agency,Amina Elen,habitat restoration assessment,protective field equipment,submitted,technical_review,standard,technical review completed
ACE-000305,ACC-2017-0044,AVL-RNY,2017-06-02T09:00:00,wildlife_review,Blue Heron Monitoring Cooperative,REG-KNT-20037,Avelora Agricultural Resilience Agency,,habitat restoration assessment,protective field equipment,technical_review,wildlife_review,standard,wildlife conditions recorded
ACE-000306,ACC-2017-0044,AVL-RNY,2017-06-05T09:00:00,authorization_granted,Blue Heron Monitoring Cooperative,REG-KNT-20037,Avelora Agricultural Resilience Agency,J. Varlan,habitat restoration assessment,protective field equipment,wildlife_review,authorized,standard,authorization issued
ACE-000307,ACC-2017-0044,AVL-RNY,2017-06-09T17:00:00,access_started,Blue Heron Monitoring Cooperative,REG-KNT-20037,Avelora Agricultural Resilience Agency,Mara Venn,  habitat  restoration  assessment ,protective field equipment,authorized,active,standard,access commenced
ACE-000308,ACC-2017-0044,AVL-RNY,2017-06-10T11:00:00,access_completed,Blue Heron Monitoring Cooperative,REG-KNT-20037,Avelora Agricultural Resilience Agency,Bela Waren,habitat restoration assessment,protective field equipment,active,completed,standard,work completed
ACE-000309,ACC-2017-0044,AVL-RNY,2017-06-12T09:00:00,closure_recorded,Blue Heron Monitoring Cooperative,REG-KNT-20037,Avelora Agricultural Resilience Agency,Tomas Pell,habitat restoration assessment,protective field equipment,completed,closed,standard,case closed
ACE-000310,ACC-2019-0045,AVL-ECJ,2019-09-19T09:00:00,request_submitted,Avelora Civil Service College,REG-AVL-20041,Avelora Agricultural Resilience Agency,Jora Vela,sensor maintenance,maintenance tools,draft,submitted,standard,request logged
ACE-000311,ACC-2019-0045,AVL-ECJ,2019-09-23T09:00:00,technical_review,Avelora Civil Service College,REG-AVL-20041,Avelora Agricultural Resilience Agency,Ilia Perin,sensor maintenance,maintenance tools,submitted,technical_review,standard,technical review completed
ACE-000312,ACC-2019-0045,AVL-ECJ,2019-09-26T09:00:00,wildlife_review,Avelora Civil Service College,REG-AVL-20041,Avelora Agricultural Resilience Agency,Liora Corda,sensor maintenance,maintenance tools,technical_review,wildlife_review,standard,wildlife conditions recorded
ACE-000313,ACC-2019-0045,AVL-ECJ,2019-09-29T09:00:00,authorization_granted,Avelora Civil Service College,REG-AVL-20041,Avelora Agricultural Resilience Agency,Farah Ferran,sensor maintenance,maintenance tools,wildlife_review,authorized,standard,authorization issued
ACE-000314,ACC-2019-0045,AVL-ECJ,2019-10-03T17:00:00,access_started,Avelora Civil Service College,REG-AVL-20041,Avelora Agricultural Resilience Agency,Jalen Havel,sensor maintenance,maintenance tools,authorized,active,standard,access commenced
ACE-000315,ACC-2019-0045,AVL-ECJ,2019-10-04T11:00:00,access_completed,Avelora Civil Service College,REG-AVL-20041,Avelora Agricultural Resilience Agency,Jalen Elen,sensor maintenance,maintenance tools,active,completed,standard,work completed
ACE-000316,ACC-2019-0045,AVL-ECJ,2019-10-06T09:00:00,closure_recorded,Avelora Civil Service College,REG-AVL-20041,Avelora Agricultural Resilience Agency,Vera Waren,sensor maintenance,maintenance tools,completed,closed,standard,case closed
ACE-000317,ACC-2016-0046,AVL-RBC,2016-02-17T09:00:00,request_submitted,Kintara Emergency Response Office,,Avelora Agricultural Resilience Agency,Kellan Orell,orchard pollination survey,acoustic monitoring equipment,draft,submitted,standard,request logged
ACE-000318,ACC-2016-0046,AVL-RBC,2016-02-21T09:00:00,technical_review,Kintara Emergency Response Office,,Avelora Agricultural Resilience Agency,Daria Zaven,orchard pollination survey,acoustic monitoring equipment,submitted,technical_review,standard,technical review completed
ACE-000319,ACC-2016-0046,AVL-RBC,2016-02-27T09:00:00,authorization_granted,Kintara Emergency Response Office,,Avelora Agricultural Resilience Agency,Kira Elen,orchard pollination survey,acoustic monitoring equipment,technical_review,authorized,standard,authorization issued
ACE-000320,ACC-2016-0046,AVL-RBC,2016-03-02T17:00:00,access_started,Kintara Emergency Response Office,,Avelora Agricultural Resilience Agency,Farah Ferran,orchard pollination survey,acoustic monitoring equipment,authorized,active,standard,access commenced
ACE-000321,ACC-2016-0046,AVL-RBC,2016-03-03T11:00:00,access_completed,Kintara Emergency Response Office,,Avelora Agricultural Resilience Agency,Farah Ferran,orchard pollination survey,acoustic monitoring equipment,active,completed,standard,work completed
ACE-000322,ACC-2016-0046,AVL-RBC,2016-03-05T09:00:00,closure_recorded,Kintara Emergency Response Office,,Avelora Agricultural Resilience Agency,Vera Waren,orchard pollination survey,acoustic monitoring equipment,completed,closed,standard,case closed
ACE-000323,ACC-2023-0047,AVL-KAR,2023-02-16T09:00:00,request_submitted,Tembara Customs Coordination Unit,,Avelora Agricultural Resilience Agency,Jalen Havel,routine monitoring visit,maintenance tools,draft,submitted,standard,request logged
ACE-000324,ACC-2023-0047,AVL-KAR,2023-02-20T09:00:00,technical_review,Tembara Customs Coordination Unit,,Avelora Agricultural Resilience Agency,Doran Maren,routine monitoring visit,maintenance tools,submitted,technical_review,standard,technical review completed
ACE-000325,ACC-2023-0047,AVL-KAR,2023-02-23T09:00:00,wildlife_review,Tembara Customs Coordination Unit,,Avelora Agricultural Resilience Agency,Vera Waren,routine monitoring visit,maintenance tools,technical_review,wildlife_review,standard,wildlife conditions recorded
ACE-000326,ACC-2023-0047,AVL-KAR,2023-02-26T09:00:00,authorization_denied,Tembara Customs Coordination Unit,,Avelora Agricultural Resilience Agency,Daria Zaven,routine monitoring visit,maintenance tools,wildlife_review,denied,standard,access denied
ACE-000327,ACC-2023-0047,AVL-KAR,2023-02-28T09:00:00,closure_recorded,Tembara Customs Coordination Unit,,Avelora Agricultural Resilience Agency,Jalen Elen,routine monitoring visit,maintenance tools,denied,closed,standard,case closed
ACE-000328,ACC-2020-0048,AVL-YAU,2020-11-07T09:00:00,request_submitted,Nordhaven Trade Documentation Centre,REG-NDH-20042,Avelora Agricultural Resilience Agency,Farah Ferran,routine monitoring visit,protective field equipment,draft,submitted,confidential,request logged
ACE-000329,ACC-2020-0048,AVL-YAU,2020-11-11T09:00:00,technical_review,Nordhaven Trade Documentation Centre,REG-NDH-20042,Avelora Agricultural Resilience Agency,Farah Norel,routine monitoring visit,protective field equipment,submitted,technical_review,confidential,technical review completed
ACE-000330,ACC-2020-0048,AVL-YAU,2020-11-14T09:00:00,wildlife_review,Nordhaven Trade Documentation Centre,REG-NDH-20042,Avelora Agricultural Resilience Agency,Anika Dren,routine monitoring visit,protective field equipment,technical_review,wildlife_review,confidential,wildlife conditions recorded
ACE-000331,ACC-2020-0048,AVL-YAU,2020-11-17T09:00:00,authorization_granted,Nordhaven Trade Documentation Centre,REG-NDH-20042,Avelora Agricultural Resilience Agency,Jora Vela,routine monitoring visit,protective field equipment,wildlife_review,authorized,confidential,authorization issued
ACE-000332,ACC-2020-0048,AVL-YAU,2020-11-21T17:00:00,access_started,Nordhaven Trade Documentation Centre,REG-NDH-20042,Avelora Agricultural Resilience Agency,Ilyan Rho,routine monitoring visit,protective field equipment,authorized,active,confidential,access commenced
ACE-000333,ACC-2020-0048,AVL-YAU,2020-11-22T11:00:00,access_completed,Nordhaven Trade Documentation Centre,REG-NDH-20042,Avelora Agricultural Resilience Agency,Jalen Zorin,routine monitoring visit,protective field equipment,active,completed,confidential,work completed
ACE-000334,ACC-2020-0048,AVL-YAU,2020-11-24T09:00:00,closure_recorded,Nordhaven Trade Documentation Centre,REG-NDH-20042,Avelora Agricultural Resilience Agency,Uma Wessen,routine monitoring visit,protective field equipment,completed,closed,confidential,case closed
ACE-000335,ACC-2022-0049,AVL-BWK,2022-06-15T09:00:00,request_submitted,Interregional Procurement Cooperative,REG-VLN-20001,Avelora Agricultural Resilience Agency,Liora Uren,sensor maintenance,maintenance tools,draft,submitted,standard,request logged
ACE-000336,ACC-2022-0049,AVL-BWK,2022-06-19T09:00:00,technical_review,Interregional Procurement Cooperative,REG-VLN-20001,Avelora Agricultural Resilience Agency,Bela Wessen,sensor maintenance,maintenance tools,submitted,technical_review,standard,technical review completed
ACE-000337,ACC-2022-0049,AVL-BWK,2022-06-25T09:00:00,authorization_granted,Interregional Procurement Cooperative,REG-VLN-20001,Avelora Agricultural Resilience Agency,Vera Waren,sensor maintenance,maintenance tools,technical_review,authorized,standard,authorization issued
ACE-000338,ACC-2022-0049,AVL-BWK,2022-06-29T17:00:00,access_started,Interregional Procurement Cooperative,REG-VLN-20001,Avelora Agricultural Resilience Agency,Marek Kerin,sensor maintenance,maintenance tools,authorized,active,standard,access commenced
ACE-000339,ACC-2022-0049,AVL-BWK,2022-06-30T11:00:00,access_completed,Interregional Procurement Cooperative,REG-VLN-20001,Avelora Agricultural Resilience Agency,Petra Koral,sensor maintenance,maintenance tools,active,completed,standard,work completed
ACE-000340,ACC-2022-0049,AVL-BWK,2022-07-02T09:00:00,closure_recorded,Interregional Procurement Cooperative,REG-VLN-20001,Avelora Agricultural Resilience Agency,Nadia Istra,sensor maintenance,maintenance tools,completed,closed,standard,case closed
ACE-000341,ACC-2022-0050,AVL-BVM,2022-08-06T09:00:00,request_submitted,Civic Health Purchasing Network,REG-VLN-20003,Avelora Agricultural Resilience Agency,Liora Maren,routine monitoring visit,acoustic monitoring equipment,draft,submitted,standard,request logged
ACE-000342,ACC-2022-0050,AVL-BVM,2022-08-10T09:00:00,technical_review,Civic Health Purchasing Network,REG-VLN-20003,Avelora Agricultural Resilience Agency,Elira Vaun,routine monitoring visit,acoustic monitoring equipment,submitted,technical_review,standard,technical review completed
ACE-000343,ACC-2022-0050,AVL-BVM,2022-08-13T09:00:00,wildlife_review,Civic Health Purchasing Network,REG-VLN-20003,Avelora Agricultural Resilience Agency,Ravin Palen,routine monitoring visit,acoustic monitoring equipment,technical_review,wildlife_review,standard,wildlife conditions recorded
ACE-000344,ACC-2022-0050,AVL-BVM,2022-08-16T09:00:00,authorization_granted,Civic Health Purchasing Network,REG-VLN-20003,Avelora Agricultural Resilience Agency,Kira Elen,routine monitoring visit,acoustic monitoring equipment,wildlife_review,authorized,standard,authorization issued
ACE-000345,ACC-2022-0050,AVL-BVM,2022-08-20T17:00:00,access_started,Civic Health Purchasing Network,REG-VLN-20003,Avelora Agricultural Resilience Agency,Daria Garen,routine monitoring visit,acoustic monitoring equipment,authorized,active,standard,access commenced
ACE-000346,ACC-2022-0050,AVL-BVM,2022-08-21T11:00:00,access_completed,Civic Health Purchasing Network,REG-VLN-20003,Avelora Agricultural Resilience Agency,Mara Venn,routine monitoring visit,acoustic monitoring equipment,active,completed,standard,work completed
ACE-000347,ACC-2022-0050,AVL-BVM,2022-08-23T09:00:00,closure_recorded,Civic Health Purchasing Network,REG-VLN-20003,Avelora Agricultural Resilience Agency,Anika Dren,routine monitoring visit,acoustic monitoring equipment,completed,closed,standard,case closed
ACE-000348,ACC-2019-0051,AVL-ABG,2019-09-19T09:00:00,request_submitted,Auric Medical Supplies,REG-VLN-20004,Avelora Agricultural Resilience Agency,Sena Grell,habitat restoration assessment,acoustic monitoring equipment,draft,submitted,standard,request logged
ACE-000349,ACC-2019-0051,AVL-ABG,2019-09-23T09:00:00,technical_review,Auric Medical Supplies,REG-VLN-20004,Avelora Agricultural Resilience Agency,Ilyan Rho,habitat restoration assessment,acoustic monitoring equipment,submitted,technical_review,standard,technical review completed
ACE-000350,ACC-2019-0051,AVL-ABG,2019-09-26T09:00:00,wildlife_review,Auric Medical Supplies,REG-VLN-20004,Avelora Agricultural Resilience Agency,Pavel Waren,habitat restoration assessment,acoustic monitoring equipment,technical_review,wildlife_review,standard,wildlife conditions recorded
ACE-000351,ACC-2019-0051,AVL-ABG,2019-09-29T09:00:00,authorization_granted,Auric Medical Supplies,REG-VLN-20004,Avelora Agricultural Resilience Agency,Sena Grell,habitat restoration assessment,acoustic monitoring equipment,wildlife_review,authorized,standard,authorization issued
ACE-000352,ACC-2019-0051,AVL-ABG,2019-10-03T17:00:00,access_started,Auric Medical Supplies,REG-VLN-20004,Avelora Agricultural Resilience Agency,Amina Elen,habitat restoration assessment,acoustic monitoring equipment,authorized,active,standard,access commenced
ACE-000353,ACC-2019-0051,AVL-ABG,2019-10-04T11:00:00,access_completed,Auric Medical Supplies,REG-VLN-20004,Avelora Agricultural Resilience Agency,Mara Venn,habitat restoration assessment,acoustic monitoring equipment,active,completed,standard,work completed
ACE-000354,ACC-2019-0051,AVL-ABG,2019-10-06T09:00:00,closure_recorded,Auric Medical Supplies,REG-VLN-20004,Avelora Agricultural Resilience Agency,Ilia Perin,habitat restoration assessment,acoustic monitoring equipment,completed,closed,standard,case closed
ACE-000355,ACC-2021-0052,AVL-SEY,2021-05-04T09:00:00,request_submitted,Kintara Field Equipment Cooperative,REG-KNT-20006,Avelora Agricultural Resilience Agency,Nadia Istra,orchard pollination survey,protective field equipment,draft,submitted,standard,request logged
ACE-000356,ACC-2021-0052,AVL-SEY,2021-05-08T09:00:00,technical_review,Kintara Field Equipment Cooperative,REG-KNT-20006,Avelora Agricultural Resilience Agency,Jalen Quorin,orchard pollination survey,protective field equipment,submitted,technical_review,standard,technical review completed
ACE-000357,ACC-2021-0052,AVL-SEY,2021-05-14T09:00:00,authorization_granted,Kintara Field Equipment Cooperative,REG-KNT-20006,Avelora Agricultural Resilience Agency,Jalen Quorin,orchard pollination survey,protective field equipment,technical_review,authorized,standard,authorization issued
ACE-000358,ACC-2021-0052,AVL-SEY,2021-05-18T17:00:00,access_started,Kintara Field Equipment Cooperative,REG-KNT-20006,Avelora Agricultural Resilience Agency,Ilyan Rho,orchard pollination survey,protective field equipment,authorized,active,standard,access commenced
ACE-000359,ACC-2021-0052,AVL-SEY,2021-05-19T11:00:00,access_completed,Kintara Field Equipment Cooperative,REG-KNT-20006,Avelora Agricultural Resilience Agency,Farah Ferran,orchard pollination survey,protective field equipment,active,completed,standard,work completed
ACE-000360,ACC-2021-0052,AVL-SEY,2021-05-21T09:00:00,closure_recorded,Kintara Field Equipment Cooperative,REG-KNT-20006,Avelora Agricultural Resilience Agency,Petra Grell,orchard pollination survey,protective field equipment,completed,closed,standard,case closed
ACE-000361,ACC-2022-0053,AVL-HUA,2022-10-11T09:00:00,request_submitted,Avelora Orchard Export Union,REG-AVL-20007,Avelora Agricultural Resilience Agency,Bela Wessen,habitat restoration assessment,protective field equipment,draft,submitted,standard,request logged
ACE-000362,ACC-2022-0053,AVL-HUA,2022-10-15T09:00:00,technical_review,Avelora Orchard Export Union,REG-AVL-20007,Avelora Agricultural Resilience Agency,Bela Wessen,habitat restoration assessment,protective field equipment,submitted,technical_review,standard,technical review completed
ACE-000363,ACC-2022-0053,AVL-HUA,2022-10-18T09:00:00,wildlife_review,Avelora Orchard Export Union,REG-AVL-20007,Avelora Agricultural Resilience Agency,Bela Waren,habitat restoration assessment,protective field equipment,technical_review,wildlife_review,standard,wildlife conditions recorded
ACE-000364,ACC-2022-0053,AVL-HUA,2022-10-21T09:00:00,authorization_granted,Avelora Orchard Export Union,REG-AVL-20007,Avelora Agricultural Resilience Agency,Xara Lask,habitat restoration assessment,protective field equipment,wildlife_review,authorized,standard,authorization issued
ACE-000365,ACC-2022-0053,AVL-HUA,2022-10-25T17:00:00,access_started,Avelora Orchard Export Union,REG-AVL-20007,Avelora Agricultural Resilience Agency,Farah Ferran,habitat restoration assessment,protective field equipment,authorized,active,standard,access commenced
ACE-000366,ACC-2022-0053,AVL-HUA,2022-10-26T11:00:00,access_completed,Avelora Orchard Export Union,REG-AVL-20007,Avelora Agricultural Resilience Agency,Kellan Orell,habitat restoration assessment,protective field equipment,active,completed,standard,work completed
ACE-000367,ACC-2022-0053,AVL-HUA,2022-10-28T09:00:00,closure_recorded,Avelora Orchard Export Union,REG-AVL-20007,Avelora Agricultural Resilience Agency,Halen Wessen,habitat restoration assessment,protective field equipment,completed,closed,standard,case closed
ACE-000368,ACC-2022-0054,AVL-FNM,2022-02-15T09:00:00,request_submitted,Nordhaven Refrigeration Works,REG-NDH-20008,Avelora Agricultural Resilience Agency,Jalen Zorin,routine monitoring visit,maintenance tools,draft,submitted,standard,request logged
ACE-000369,ACC-2022-0054,AVL-FNM,2022-02-19T09:00:00,technical_review,Nordhaven Refrigeration Works,REG-NDH-20008,Avelora Agricultural Resilience Agency,Jonah Bell,routine monitoring visit,maintenance tools,submitted,technical_review,standard,technical review completed
ACE-000370,ACC-2022-0054,AVL-FNM,2022-02-22T09:00:00,wildlife_review,Nordhaven Refrigeration Works,REG-NDH-20008,Avelora Agricultural Resilience Agency,Elira Vaun,routine monitoring visit,maintenance tools,technical_review,wildlife_review,standard,wildlife conditions recorded
ACE-000371,ACC-2022-0054,AVL-FNM,2022-02-25T09:00:00,authorization_denied,Nordhaven Refrigeration Works,REG-NDH-20008,Avelora Agricultural Resilience Agency,Liora Corda,routine monitoring visit,maintenance tools,wildlife_review,denied,standard,access denied
ACE-000372,ACC-2022-0054,AVL-FNM,2022-02-27T09:00:00,closure_recorded,Nordhaven Refrigeration Works,REG-NDH-20008,Avelora Agricultural Resilience Agency,Liora Maren,routine monitoring visit,maintenance tools,denied,closed,standard,case closed
ACE-000373,ACC-2024-0055,AVL-NMQ,2024-06-15T09:00:00,request_submitted,Valenne Laboratory Materials,REG-VLN-20009,Avelora Agricultural Resilience Agency,Sena Grell,emergency equipment recovery,maintenance tools,draft,submitted,confidential,request logged
ACE-000374,ACC-2024-0055,AVL-NMQ,2024-06-19T09:00:00,technical_review,Valenne Laboratory Materials,REG-VLN-20009,Avelora Agricultural Resilience Agency,Jonah Bell,emergency equipment recovery,maintenance tools,submitted,technical_review,confidential,technical review completed
ACE-000375,ACC-2024-0055,AVL-NMQ,2024-06-25T09:00:00,authorization_granted,Valenne Laboratory Materials,REG-VLN-20009,Avelora Agricultural Resilience Agency,Liora Corda,emergency equipment recovery,maintenance tools,technical_review,authorized,confidential,authorization issued
ACE-000376,ACC-2024-0055,AVL-NMQ,2024-06-29T17:00:00,access_started,Valenne Laboratory Materials,REG-VLN-20009,Avelora Agricultural Resilience Agency,Daria Zaven,emergency equipment recovery,maintenance tools,authorized,active,confidential,access commenced
ACE-000377,ACC-2024-0055,AVL-NMQ,2024-06-30T11:00:00,access_completed,Valenne Laboratory Materials,REG-VLN-20009,Avelora Agricultural Resilience Agency,Jalen Havel,emergency equipment recovery,maintenance tools,active,completed,confidential,work completed
ACE-000378,ACC-2024-0055,AVL-NMQ,2024-07-02T09:00:00,closure_recorded,Valenne Laboratory Materials,REG-VLN-20009,Avelora Agricultural Resilience Agency,Daria Garen,emergency equipment recovery,maintenance tools,completed,closed,confidential,case closed
ACE-000379,ACC-2023-0056,AVL-FNQ,2023-04-05T09:00:00,request_submitted,Tembara Coastal Research Trust,REG-TMB-20010,Avelora Agricultural Resilience Agency,Ilyan Rho,habitat restoration assessment,camera equipment,draft,submitted,standard,request logged
ACE-000380,ACC-2023-0056,AVL-FNQ,2023-04-09T09:00:00,technical_review,Tembara Coastal Research Trust,REG-TMB-20010,Avelora Agricultural Resilience Agency,Uma Wessen,habitat restoration assessment,camera equipment,submitted,technical_review,standard,technical review completed
ACE-000381,ACC-2023-0056,AVL-FNQ,2023-04-12T09:00:00,wildlife_review,Tembara Coastal Research Trust,REG-TMB-20010,Avelora Agricultural Resilience Agency,Jalen Elen,habitat restoration assessment,camera equipment,technical_review,wildlife_review,standard,wildlife conditions recorded
ACE-000382,ACC-2023-0056,AVL-FNQ,2023-04-15T09:00:00,authorization_granted,Tembara Coastal Research Trust,REG-TMB-20010,Avelora Agricultural Resilience Agency,Zalia Dalen,habitat restoration assessment,camera equipment,wildlife_review,authorized,standard,authorization issued
ACE-000383,ACC-2023-0056,AVL-FNQ,2023-04-19T17:00:00,access_started,Tembara Coastal Research Trust,REG-TMB-20010,Avelora Agricultural Resilience Agency,Selene Aras,habitat restoration assessment,camera equipment,authorized,active,standard,access commenced
ACE-000384,ACC-2023-0056,AVL-FNQ,2023-04-20T11:00:00,access_completed,Tembara Coastal Research Trust,REG-TMB-20010,Avelora Agricultural Resilience Agency,Selene Aras,habitat restoration assessment,camera equipment,active,completed,standard,work completed
ACE-000385,ACC-2023-0056,AVL-FNQ,2023-04-22T09:00:00,closure_recorded,Tembara Coastal Research Trust,REG-TMB-20010,Avelora Agricultural Resilience Agency,Xara Lask,habitat restoration assessment,camera equipment,completed,closed,standard,case closed
ACE-000386,ACC-2024-0057,TMB-HVD,2024-06-18T09:00:00,request_submitted,Kintara Rural Transport Board,,Tembara Biodiversity Service,Amina Elen,habitat restoration assessment,acoustic monitoring equipment,draft,submitted,standard,request logged
ACE-000387,ACC-2024-0057,TMB-HVD,2024-06-22T09:00:00,technical_review,Kintara Rural Transport Board,,Tembara Biodiversity Service,Doran Wessen,habitat restoration assessment,acoustic monitoring equipment,submitted,technical_review,standard,technical review completed
ACE-000388,ACC-2024-0057,TMB-HVD,2024-06-25T09:00:00,wildlife_review,Kintara Rural Transport Board,,Tembara Biodiversity Service,Tomas Pell,habitat restoration assessment,acoustic monitoring equipment,technical_review,wildlife_review,standard,wildlife conditions recorded
ACE-000389,ACC-2024-0057,TMB-HVD,2024-06-28T09:00:00,authorization_granted,Kintara Rural Transport Board,,Tembara Biodiversity Service,Julien Marot,habitat restoration assessment,acoustic monitoring equipment,wildlife_review,authorized,standard,authorization issued
ACE-000390,ACC-2024-0057,TMB-HVD,2024-07-02T17:00:00,access_started,Kintara Rural Transport Board,,Tembara Biodiversity Service,Liora Maren,habitat restoration assessment,acoustic monitoring equipment,authorized,active,standard,access commenced
ACE-000391,ACC-2024-0057,TMB-HVD,2024-07-03T11:00:00,access_completed,Kintara Rural Transport Board,,Tembara Biodiversity Service,Ravin Palen,habitat restoration assessment,acoustic monitoring equipment,active,completed,standard,work completed
ACE-000392,ACC-2024-0057,TMB-HVD,2024-07-05T09:00:00,closure_recorded,Kintara Rural Transport Board,,Tembara Biodiversity Service,Ravin Palen,habitat restoration assessment,acoustic monitoring equipment,completed,closed,standard,case closed
ACE-000393,ACC-2018-0058,TMB-VZT,2018-02-08T09:00:00,request_submitted,Avelora Food Standards Office,,Tembara Biodiversity Service,Petra Grell,habitat restoration assessment,camera equipment,draft,submitted,standard,request logged
ACE-000394,ACC-2018-0058,TMB-VZT,2018-02-12T09:00:00,technical_review,Avelora Food Standards Office,,Tembara Biodiversity Service,Doran Wessen,habitat restoration assessment,camera equipment,submitted,technical_review,standard,technical review completed
ACE-000395,ACC-2018-0058,TMB-VZT,2018-02-18T09:00:00,authorization_granted,Avelora Food Standards Office,,Tembara Biodiversity Service,Daria Zaven,habitat restoration assessment,camera equipment,technical_review,authorized,standard,authorization issued
ACE-000396,ACC-2018-0058,TMB-VZT,2018-02-22T17:00:00,access_started,Avelora Food Standards Office,,Tembara Biodiversity Service,Farah Ferran,habitat restoration assessment,camera equipment,authorized,active,standard,access commenced
ACE-000397,ACC-2018-0058,TMB-VZT,2018-02-23T11:00:00,access_completed,Avelora Food Standards Office,,Tembara Biodiversity Service,Daria Zaven,habitat restoration assessment,camera equipment,active,completed,standard,work completed
ACE-000398,ACC-2018-0058,TMB-VZT,2018-02-25T09:00:00,closure_recorded,Avelora Food Standards Office,,Tembara Biodiversity Service,Nadia Istra,habitat restoration assessment,camera equipment,completed,closed,standard,case closed
ACE-000399,ACC-2021-0059,TMB-CKU,2021-05-12T09:00:00,request_submitted,Nordhaven Maritime Safety Agency,,Tembara Biodiversity Service,Ilyan Rho,sensor maintenance,maintenance tools,draft,submitted,confidential,request logged
ACE-000400,ACC-2021-0059,TMB-CKU,2021-05-16T09:00:00,technical_review,Nordhaven Maritime Safety Agency,,Tembara Biodiversity Service,Liora Uren,sensor maintenance,maintenance tools,submitted,technical_review,confidential,technical review completed
ACE-000401,ACC-2021-0059,TMB-CKU,2021-05-19T09:00:00,wildlife_review,Nordhaven Maritime Safety Agency,,Tembara Biodiversity Service,Ilyan Rho,sensor maintenance,maintenance tools,technical_review,wildlife_review,confidential,wildlife conditions recorded
ACE-000402,ACC-2021-0059,TMB-CKU,2021-05-22T09:00:00,authorization_granted,Nordhaven Maritime Safety Agency,,Tembara Biodiversity Service,Marek Kerin,sensor maintenance,maintenance tools,wildlife_review,authorized,confidential,authorization issued
ACE-000403,ACC-2021-0059,TMB-CKU,2021-05-26T17:00:00,access_started,Nordhaven Maritime Safety Agency,,Tembara Biodiversity Service,Calen Jaren,sensor maintenance,maintenance tools,authorized,active,confidential,access commenced
ACE-000404,ACC-2021-0059,TMB-CKU,2021-05-27T11:00:00,access_completed,Nordhaven Maritime Safety Agency,,Tembara Biodiversity Service,Jalen Zorin,sensor maintenance,maintenance tools,active,completed,confidential,work completed
ACE-000405,ACC-2021-0059,TMB-CKU,2021-05-29T09:00:00,closure_recorded,Nordhaven Maritime Safety Agency,,Tembara Biodiversity Service,Orin Kerin,sensor maintenance,maintenance tools,completed,closed,confidential,case closed
ACE-000406,ACC-2018-0060,TMB-WYT,2018-04-10T09:00:00,request_submitted,Valenne Public Procurement Authority,,Tembara Biodiversity Service,Jonah Bell,routine monitoring visit,protective field equipment,draft,submitted,standard,request logged
ACE-000407,ACC-2018-0060,TMB-WYT,2018-04-14T09:00:00,technical_review,Valenne Public Procurement Authority,,Tembara Biodiversity Service,Tomas Pell,routine monitoring visit,protective field equipment,submitted,technical_review,standard,technical review completed
ACE-000408,ACC-2018-0060,TMB-WYT,2018-04-17T09:00:00,wildlife_review,Valenne Public Procurement Authority,,Tembara Biodiversity Service,Doran Wessen,routine monitoring visit,protective field equipment,technical_review,wildlife_review,standard,wildlife conditions recorded
ACE-000409,ACC-2018-0060,TMB-WYT,2018-04-20T09:00:00,authorization_granted,Valenne Public Procurement Authority,,Tembara Biodiversity Service,Orin Kerin,routine monitoring visit,protective field equipment,wildlife_review,authorized,standard,authorization issued
ACE-000410,ACC-2018-0060,TMB-WYT,2018-04-24T17:00:00,access_started,Valenne Public Procurement Authority,,Tembara Biodiversity Service,J. Varlan,routine monitoring visit,protective field equipment,authorized,active,standard,access commenced
ACE-000411,ACC-2018-0060,TMB-WYT,2018-04-25T11:00:00,access_completed,Valenne Public Procurement Authority,,Tembara Biodiversity Service,Bela Ferran,routine monitoring visit,protective field equipment,active,completed,standard,work completed
ACE-000412,ACC-2018-0060,TMB-WYT,2018-04-27T09:00:00,closure_recorded,Valenne Public Procurement Authority,,Tembara Biodiversity Service,Ilyan Rho,routine monitoring visit,protective field equipment,completed,closed,standard,case closed
ACE-000168,ACC-2022-0022,KNT-NNM,2022-11-02T09:00:00,closure_recorded,Kintara Field Equipment Cooperative,REG-KNT-20006,Kintara Cave and Pollinator Authority,Uma Wessen,sensor maintenance,maintenance tools,completed,closed,standard,case closed
